,comment_id,user_id,platform,date_time,likes_count,comment_raw
0,2481702515306198095,4028120102,instagram,2021-01-08 07:26:55,2429,"These recent events are just a reminder of how senseless racism is in our nation. One can only extrapolate the outcomes for people of a different kindred. 

How is what youâ€™re witnessing moving your heart? What are you going to do about it?

#HatedInAHoodie X @RacismIsLame"
140,2506215796907085585,44212179522,instagram,2021-02-11 03:10:26,12,"Male standing in front of a wall wearing a black short sleeved, crew neck, t-shirt. On it is a white outline peach with donald trumps face in it."
0,17966998288364376,33597388,instagram,2021-02-13 22:54:15,0,Yeah all the black people attacking and murdering Hasidic Jews needs to stop. Blacks can  be racists too. In fact growing up Jewish in Brooklyn the only racism I experienced was by black people.
1,17885746028017595,2299592476,instagram,2021-02-13 09:13:03,0,Are you referring to what is happening on the NYC subway?
2,17842696493521935,1651100777,instagram,2021-01-22 12:51:37,0,ğŸ™Œ
3,18138103390087013,4147796433,instagram,2021-01-21 06:42:10,1,@debbyanmcfarlane
4,17914123522572768,41693285374,instagram,2021-01-19 20:39:03,0,"I have a proposal for you, talk me to privately ğŸ“¥ğŸ“¥ğŸ“¥"
5,18144843493124848,9032964835,instagram,2021-01-16 12:20:32,0,Is it?
6,17871945506148143,2061711886,instagram,2021-01-12 11:37:17,0,The hooodie ğŸ”¥ğŸ”¥ğŸ”¥ğŸ”¥ğŸ”¥ğŸ˜ğŸ˜ğŸ˜ğŸ˜ğŸ˜ğŸ˜ğŸ˜
7,17857945781402408,4028120102,instagram,2021-01-09 17:27:27,0,#tuckfrump
8,17874330830149141,30988121,instagram,2021-01-09 15:35:12,0,ğŸ’•ğŸ™Œ
9,17884671289904140,394056490,instagram,2021-01-09 12:43:53,0,Love this hoodie ğŸ˜
10,17856299921459116,12982488836,instagram,2021-01-09 10:31:02,1,â¤ï¸ğŸ™ğŸ™
11,17904102124655856,497787366,instagram,2021-01-09 08:10:35,0,I will stand up and speak up! Racism must end. We must learn to love each other.ğŸ’™ğŸ’™ğŸ’™ğŸ’™
12,17916850288543279,288186439,instagram,2021-01-09 06:43:44,0,"It gives me anger, sadness and frustration but I'll never give up! I do what I can do with the tiny power I have... I believe in repetition. We need to repeat information over and over again to brainwash people's brains the other way around. Schools, parents, media can do a lot with this narrative. My daughter and her friends is even better then me! I think something is happening with the new generations! ğŸ™ğŸ»â¤"
13,17891360419874496,288186439,instagram,2021-01-09 06:39:29,0,I need that hoodie! â¤ï¸
14,18188174896010755,370767124,instagram,2021-01-09 06:02:41,0,ANY color does
15,17847124100508409,2214674667,instagram,2021-01-09 02:48:36,1,âœŠğŸ½
16,17881915091013317,2214674667,instagram,2021-01-09 02:48:30,1,ğŸ–¤
17,17891155906867353,2214674667,instagram,2021-01-09 02:48:14,1,FACTS are FACTS ğŸ’¯
18,17867650004305464,325137840,instagram,2021-01-09 02:11:26,0,ğŸ™ğŸ¾ğŸ™ğŸ¾ğŸ™ğŸ¾ğŸ™ğŸ¾ğŸ™ŒğŸ¾ğŸ™ŒğŸ¾ğŸ™ŒğŸ¾ğŸ¤ğŸ¾ğŸ¤ğŸ¾ğŸ¤ğŸ¾ğŸ¤ğŸ¾ğŸ’”ğŸ’”ğŸ’” it's Disheartening and worrisome when you have to worry about your children especially a son. #WETHEPEOPLE ğŸ¤”ğŸ¤”ğŸ¤”ğŸ¤”ğŸ¤” âœŠğŸ¾âœŠğŸ¾âœŠğŸ¾âœŠğŸ¾âœŠğŸ¾âœŠğŸ¾âœŠğŸ¾
19,17878264700098898,15140665,instagram,2021-01-08 23:21:23,0,ğŸ’¯
20,18101540875204305,8014625963,instagram,2021-01-08 23:04:56,0,"I'm lost for words never ever in my lifetime ever imagined I would see this kinda behavior in the United states of America, but I'll give kudos to some movie directors they warned us"
21,17869606202237282,1036871,instagram,2021-01-08 21:28:07,0,â¤ï¸â¤ï¸â¤ï¸
22,18142728511188745,235401110,instagram,2021-01-08 21:06:54,0,Yes
23,17932222063453604,3179845557,instagram,2021-01-08 20:56:09,0,âœŠğŸ»âœŠğŸ½âœŠğŸ¿
24,18169278889073326,3027942087,instagram,2021-01-08 17:19:33,0,"Iâ€™m in Australia, but have family in Chanhassen (I donâ€™t know what itâ€™s like, there...). The news footage and disruptions look terrifying. I cry, almost every time I see suffering, and injustice or lack of it. Iâ€™m still confused about how easily the trumpets got into the big house.  What will I do?  Encourage critical reading and thinking.  Too many people donâ€™t read or think enough. Itâ€™s heartbreaking that knee jerk reactions based on false snippets of â€˜informationâ€™ are considered valid, instead of real life fact and consequence.  Be the light!!! ğŸŒŸ"
25,18186020854025451,3027942087,instagram,2021-01-08 17:15:08,0,Damn right!!! ğŸŒŸ
26,17878332149084696,1496426637,instagram,2021-01-08 15:15:49,0,Anyone wants followers or likes for your Instagram page? DM meğŸ“²ğŸ“²
27,18140868634191689,31285269136,instagram,2021-01-08 12:58:52,0,"Preach, brother."
28,17868248966286939,31285269136,instagram,2021-01-08 12:58:35,0,ğŸ™ŒğŸ™ŒğŸ™Œ
29,17874992927130151,2027435827,instagram,2021-01-08 12:58:33,1,Persist unwaveringly.
30,17872891358176645,273246968,instagram,2021-01-08 12:23:36,0,Definitely need this hoodie
31,18043584076285940,188567491,instagram,2021-01-08 12:13:54,3,"As a future school counselor, I will implement anti-racism lessons in my group/individual counseling sessions with students. I will continue to have faith that I can make an impact on the lives of our youth. Beginning with fostering love and empathy for others."
32,17924737519498238,44950344,instagram,2021-01-08 12:10:34,0,"So sorry ğŸ™ Heart is confused and heavy and angry. Working hard to educate my friends and family, especially those with young children. Praying that the next up and coming generation is different ğŸ¤"
33,17904873364649246,52731082,instagram,2021-01-08 11:58:02,0,ğŸ™ŒğŸ¼ğŸ™ŒğŸ¼
34,17974252357350166,461356770,instagram,2021-01-08 10:10:40,0,âœŠğŸ¾âœŠğŸ¾âœŠğŸ¾âœŠğŸ¾
35,17892792139808028,197575650,instagram,2021-01-08 10:08:03,0,ğŸ™ğŸ¼ğŸ™ğŸ¼ğŸ™ŒğŸ»
36,17968946128362334,255818433,instagram,2021-01-08 09:57:38,0,ğŸ’¯ğŸ’¯ğŸ’¯ğŸ’¯ğŸ’¯ğŸ’¯
37,17901746740711567,8736913187,instagram,2021-01-08 09:26:47,0,Did you make your shirt?
38,17901207010725271,33291501649,instagram,2021-01-08 09:04:05,0,â¤ï¸ğŸ™ğŸ”¥ğŸ‘ŒğŸ’¯ğŸ™Œ
39,17910651820592237,680943602,instagram,2021-01-08 08:34:19,0,Amen! Racism is lame!!
40,17883023266952700,38084151,instagram,2021-01-08 08:13:31,0,"I wish all humans would be treated equally - with respect, dignity, & kindness. â¤ï¸ Pains me that not everyone has that viewpoint ğŸ˜"
41,17889354619856696,421851891,instagram,2021-01-08 08:12:37,1,My heart is in pain and my stomach is nauseous
42,17878073939078672,296582435,instagram,2021-01-08 08:03:26,0,ğŸ™ŒğŸ¾
43,18091877443222198,1663379248,instagram,2021-01-08 07:59:25,0,"Iâ€™m on my reps today, demanding impeachment."
44,17911014517590053,4824163432,instagram,2021-01-08 07:58:57,0,Time for change!
45,18135252577088121,7273664269,instagram,2021-01-08 07:55:48,2,We are consistently reminded of the gross hypocrisy and racism in this country & world! Peace & love âœŠğŸ¿âœŠâœŠğŸ»âœŠğŸ¾#racismislame
46,17947318363411686,8995444709,instagram,2021-01-08 07:55:36,0,That last questionğŸ”¥
47,18137487277192796,2283905680,instagram,2021-01-08 07:54:59,2,"It hurts my heart to see racism ruin lives,but what we can do about it is not be part of it."
48,17884321756980844,195416010,instagram,2021-01-08 07:47:05,2,Lame AF!
49,18131892682148019,10961158,instagram,2021-01-08 07:46:34,1,The. End. ğŸ™ğŸ¾ğŸ–¤
50,17862901553312519,36819730990,instagram,2021-01-08 07:46:00,0,My guy I love your  page keep shining ğŸ™ğŸ™
51,17899560706731521,34985605,instagram,2021-01-08 07:43:34,1,âœŠğŸ¾
52,17981004460327523,263542732,instagram,2021-01-08 07:35:43,0,âœŠğŸ½ğŸ’¯
53,17985671359322397,610979167,instagram,2021-01-08 07:35:12,1,Amen!
54,17879714768067407,19376646,instagram,2021-01-08 07:32:29,0,My guy ğŸ’ªğŸ¾
55,17888947393887254,2967270667,instagram,2021-01-21 00:07:32,0,And neither had a lick of facts....
56,18188635465059813,1585434015,instagram,2021-01-19 08:02:40,3,"BLM and Antifa wasnâ€™t an insurrection??? Buildings burned down including a police station and a court house, 25 ppl were killed during the summer riotsğŸ¤ª"
57,17982111259332325,175960286,instagram,2021-01-16 01:21:01,0,"ğŸ¤£ğŸ¤£ ""you about!"" #loseyourjob"
58,17869459361246817,20335124,instagram,2021-01-15 22:13:44,0,ğŸ˜‚
59,17881768922052929,3665181367,instagram,2021-01-15 13:44:41,1,He ain't dancing anymore! ğŸ˜­ğŸ˜­ğŸ˜­ğŸ˜­
60,17896051858814958,45077493046,instagram,2021-01-15 09:34:43,0,"Am not testifying this to make u jealous but to encourage you that everyone are not fraud.
Just two months that I have been in touch with Mr Hafizah.  I can say that he is the God sent to take me to my destiny.
Sure,, he is willing to help you recovered your lose. @hafizah_trader"
61,17894074732786823,6979892091,instagram,2021-01-15 07:44:15,0,â€œWE DID IT JOE â€œğŸ˜‚ğŸ˜‚
62,18189684490025731,184164803,instagram,2021-01-15 07:31:53,0,@mckeehan_89
63,17868645464253082,18149515454,instagram,2021-01-15 07:20:51,0,I never knew I will be able to pay off my bills and get to my stand again in life...I want you guys to help appreciate @jburtonfx_
64,17922962203502496,45419937201,instagram,2021-01-15 06:13:52,0,You are the best thing that happened to me during this pandemic wave @jburtonfx_ . Thank you for earning me these profits
65,17976827374342551,173917839,instagram,2021-01-15 04:06:55,0,And he canâ€™t even rage tweet about it. ğŸ˜‚
66,18053924446278545,1981894313,instagram,2021-01-15 03:56:12,1,Omg now I have YMCA stuck in my head lolğŸ˜‚ğŸ˜‚ğŸ˜‚
67,17868657722259374,5703743325,instagram,2021-01-15 03:47:46,0,Do you think my username is racist
68,18152890789128888,234184969,instagram,2021-01-15 02:13:09,1,His face his hands ğŸ˜­ğŸ¤£ *chefâ€™s kiss*
69,17909392756598686,9944770002,instagram,2021-01-14 23:39:34,0,â€œIn 2020 this greog flodyd guy deid and amrica went into the civel whar 2â€
70,18047834686281637,387337229,instagram,2021-01-14 23:33:11,0,ğŸ‘ğŸ‘ğŸ‘ğŸ‘ğŸ‘ğŸ‘
71,18185531575053490,5273941807,instagram,2021-01-14 22:39:51,0,Caption ğŸ˜‚
72,17895221452825186,11841670,instagram,2021-01-14 21:10:59,1,Haha the orange face ğŸ˜‚
73,18086809987242362,1804420095,instagram,2021-01-14 21:09:56,0,ğŸ¤£ğŸ¤£ğŸ¤£
74,17872364543142109,2205484813,instagram,2021-01-14 20:28:01,3,This is great ğŸ¤£ğŸ¤£ğŸ¤£
75,18184903066033539,240964234,instagram,2021-01-14 15:13:58,2,"What you should be asking is how come the impeachment and the 20,000 page domestic terrorism bill was readied in a week, but it took 5 months for stimulus to get pushed through, and how come the $2,000 was overruled with a bipartisan majority where more Republicans than Democrats voted to keep the sum as suggested."
76,17896697392771635,12543754,instagram,2021-01-14 14:59:29,3,omg HIS HANDS AHHHHH
77,17903152012670971,26909881,instagram,2021-01-14 14:41:26,0,Lolololol!ğŸ¤£
78,17950633540404614,3527542697,instagram,2021-01-14 13:49:32,2,I swear your art is keeping me sane.  Thank you so much for creating it.
79,17883831490996049,8404076207,instagram,2021-01-14 12:59:02,0,ğŸ˜‚ğŸ˜‚ğŸ˜‚
80,18143006545138031,32219134659,instagram,2021-01-14 12:24:25,43,THE HANDS AS FACE COLOR DIFFERENCE IM WHEEZINGGGG
81,17872411658139205,45091722083,instagram,2021-01-14 12:13:06,0,ğŸ˜‚ğŸ˜‚
82,17916634774558593,3079657,instagram,2021-01-14 12:07:24,1,ğŸ˜‚ğŸ˜‚ğŸ˜‚ğŸ˜‚
83,17952304189404010,224857294,instagram,2021-01-14 12:05:29,9,The hand vs the face color has me cracking up ğŸ˜‚
84,17861392883348873,12680008,instagram,2021-01-14 11:58:47,3,UGH that fucking dance (you nailed it)
85,17926229788492566,2376381586,instagram,2021-01-14 11:55:11,1,The caption here is everything ğŸ¤£ğŸ˜‚
86,17881276694046833,7234849891,instagram,2021-01-14 11:53:08,7,This caption tho ğŸ”¥ğŸ”¥ğŸ”¥ğŸ”¥ğŸ”¥
87,18046331581302761,506083328,instagram,2021-01-14 11:51:14,4,So happy he was Impeached again! ğŸ™ŒğŸ‘ğŸ‘ğŸ‘ğŸ™Œ
88,17910829183603114,1441635010,instagram,2021-01-14 11:50:36,22,I just chuckled! You got his â€œdance movesâ€ perfectly! ğŸ˜†
89,18187609672018070,214373262,instagram,2021-01-14 11:49:02,12,Bye bye trump!!!!
90,17868771743203220,1596307986,instagram,2021-01-14 11:46:27,0,So much winning!
91,17932523824478553,32583073838,instagram,2021-02-13 07:53:44,0,"Is that the dude that was doing some satanic rituals, was asked about it and got upset?"
92,17858582192478780,266081836,instagram,2021-01-26 13:59:06,1,Awesome!
93,17890970122856576,183135597,instagram,2021-01-26 10:25:33,1,Girrrrrrrllll!!
94,18090164446229496,44409312829,instagram,2021-01-26 09:55:06,1,"Great job, we love this ğŸ™ŒğŸ”¥"
95,17875204520110382,176404775,instagram,2021-01-28 18:14:29,2,Lol what a clown
96,17854844204463571,198580593,instagram,2021-01-28 03:29:43,3,ğŸ¤®
97,17885004262950636,1525261275,instagram,2021-01-27 21:34:25,1,Wow
98,17906758138644287,1920573218,instagram,2021-01-27 13:17:47,3,Ya kidding right?
99,17874003155135917,38702888542,instagram,2021-01-27 06:16:37,3,Perfect
100,18089389963237471,400079524,instagram,2021-01-27 04:30:38,3,He wishes she looked at him like that. Beautiful piece of art Butah â˜ºï¸
101,17905617343663903,4838122640,instagram,2021-02-17 05:03:06,0,Itâ€™s because the media isnâ€™t as biased against the new guy.
102,17951127220414864,3547848699,instagram,2021-02-16 22:10:50,0,F
103,17872347392308830,36246174248,instagram,2021-02-16 04:20:50,0,"You voted for a bigger criminal than the other guy?
â€¢
Bad move."
104,17883143855072834,22488367858,instagram,2021-02-14 23:56:26,0,"I mean Biden has done much more damage in one month than trump did in 4 years, but ya get what ya voted for ig"
105,17896189657853002,44850051497,instagram,2021-02-14 10:53:23,0,"""new"""
106,17856888068453617,201633329,instagram,2021-02-14 00:19:55,0,Peas and carrots!
107,17845680269517988,2157975536,instagram,2021-02-13 10:06:47,1,Save the world. Vote for freedom. Vote right-wing. Vote Republican
108,17908837861641177,32583073838,instagram,2021-02-13 07:55:51,0,"Yea you do, cause your talking about him."
109,17930104783471332,8354048163,instagram,2021-02-12 10:44:38,0,"@ohnoitsashen sounds like you don't know much about history. The Holodomor, or the Great Famine, took place in communist Ukraine."
110,17860380884437524,206438399,instagram,2021-02-12 05:14:21,0,This is what the media is wrestling with every day. The impeachment trial is their last  hope until the next.
111,17860854917479848,8921724655,instagram,2021-02-12 02:11:17,0,People that comment don't represent everybody. The comic was lighthearted and is appreciated by most. â¤ï¸
112,17888198899976977,36838123,instagram,2021-02-12 00:22:19,0,"""... Nobody liked that"""
113,17871771584275140,339999300,instagram,2021-02-11 19:28:49,1,"This comic is pretty good. It tackles the Right's criticism of the bias of mainstream media and how they've made Trump into a caricature for entertainment and ratings. It also encapsulates the fact that most people were indeed entertained while he was on... Now that's he's gone, nobody actually gives a fuck now."
114,17928014293498587,4227254666,instagram,2021-02-11 18:26:20,0,We from other countries have far less to read about nowdays.
115,17885592713012047,1390284568,instagram,2021-02-11 17:00:32,0,"Probably can spend all your time bragging about Joe Biden..... 

oh wait...

.... nevermind"
116,18193723888037683,1649821886,instagram,2021-02-11 12:45:04,0,Not like your vote even mattered lmao
117,17925630511511235,557369843,instagram,2021-02-11 12:29:08,0,Boring news is amazing!  I'm so tired up for boring politics!  Yeahhh!
118,17895449785858179,44489554400,instagram,2021-02-11 10:32:55,0,You actually do or you wouldnâ€™t still be making comics about it
119,17912637163606064,253873994,instagram,2021-02-11 10:08:47,0,Looks like heâ€™s living rent free ğŸ¤£
120,18099894346208188,359516297,instagram,2021-02-11 07:37:26,0,"If its not as gripping ur not paying attention... biden issued a 31 pipeline project permits, will not release the kids from cages, hasnt halted deportations... other than joining the paris accords how os he any different?"
121,18193803886017488,10016041,instagram,2021-02-11 06:57:01,4,Holy hell these comments are wild. Americans are truly a different breed. ğŸ˜‚
122,17874796223148833,51233776,instagram,2021-02-11 06:41:32,1,"The news isnâ€™t as riveting because they stopped reporting on anything substantial, not because thereâ€™s no longer substantial news to report on. #mediabias"
123,17917498234549128,16298112,instagram,2021-02-11 06:38:30,0,"â€œNo. No, man. Shit, no, man. I believe you'd get your ass kicked sayin' something like that.â€"
124,18058156498279627,53754808,instagram,2021-02-11 06:28:47,3,Imagine being offend by a comic or someoneâ€™s differing opinion.
125,17844135161528388,4361598212,instagram,2021-02-11 05:58:29,0,"Things haven't improved, what are you on about? New guy signing to open 32 new oil drills isn't good news and children are still in cages. What news are you reading?"
126,17884596362031663,309054301,instagram,2021-02-11 05:53:47,4,"Biden sucks. Harris sucks. Commies suck. If you voted ""blue no matter who"" you suck too. Don't vote for socialism and complain that you and your kids are broke and starving. ğŸ˜˜"
127,17881352396101360,5487608387,instagram,2021-02-11 05:51:58,1,LOL I love the arguments between Americans in this comment section. I saw both Trump and Biden as horrible leaders. But the more horrible they are the better it is. Why? Unstable USA means their economy became unstable as well and investors will left for other countries to invest their money and my country will benefit greatly from influx of new investors coming. Already happened in 2008 after housing crash in USA. Now hoping that that senile moron continue this downward trend ğŸ˜†ğŸ’²ğŸ’²ğŸ’²ğŸ˜†
128,17904182257693167,4244073121,instagram,2021-02-11 05:15:47,0,My balls itch
129,17925113716516924,1312929550,instagram,2021-02-11 04:50:53,1,"Yes! Let's enjoy the boring! So nice not to worry about WW3 every other day cause the baby lost his bottle or someone was ""mean"" to him."
130,17883664400064034,8397774915,instagram,2021-02-11 04:44:57,0,Based
131,17910726769621513,8745600099,instagram,2021-02-11 04:40:49,16,Thanks for voting my insulin cost back up ğŸ™Œâ¤ï¸
132,17940648262446487,191418963,instagram,2021-02-11 04:40:20,0,Fuck the other guy
133,17997581584309600,1067055063,instagram,2021-02-11 04:40:11,5,Lol this dude just wants to write a funny comic and make yall laugh but you wrote a whole paragraph instead
134,17886889954993146,18399102807,instagram,2021-02-11 04:22:35,0,LOL
135,17871188504198773,1403480905,instagram,2021-02-11 04:13:21,46,This cartoonist isn't a political expert with an enlightened perspective! I'm shocked and appalled!!!
136,18145929910190478,315855899,instagram,2021-02-11 04:08:40,2,Great post and great responses to comments
137,17955798304399079,8149107784,instagram,2021-02-11 03:46:27,7,cmon man. why did you have to bring politics into your posts. :/
138,18183302458065912,1565720463,instagram,2021-02-11 03:46:19,1,"In Italy we say ""no news means good news"""
139,17870678750222126,9757509448,instagram,2021-02-11 03:36:18,2,Who the fuck are the people who support the old guy and why are they so annoying
140,17888041123918858,1521621732,instagram,2021-02-11 03:31:14,8,I like your comics no matter what
141,18158413477107173,229692627,instagram,2021-02-11 03:08:55,8,"One guy, every time he opened his mouth sounded retarded, but his policies were very sensible. The new guy sounds very sensible when he talks, but all his policies so far are retarded."
142,17910759244622626,3016402652,instagram,2021-02-11 03:06:25,251,"ive come to a decision. in order to placate everyone, from now on each of my comics will be about everything, with all opinions expressed about all of it."
143,17871926915255977,2051922252,instagram,2021-02-11 03:04:33,0,slave master A make me much happier than slave master B. at least that what the tv told me
144,17992514473317654,3443350057,instagram,2021-02-11 02:59:30,5,"I definitely miss the last guy. White Obama is already mobilizing for new wars and he's trying to play off the prison camps he built as ""overflow areas""."
145,17966350498374255,1549925884,instagram,2021-02-11 02:58:08,17,"Oh, a comic that can offend both sides. This is gonna be fun"
146,17860497578424227,4835703736,instagram,2021-02-11 02:57:30,16,Lol people in the comics fuckin pressed their wanna be dictator lost lmao
147,17914158739566579,263688846,instagram,2021-02-11 02:55:43,3,The news is hilarious. â€œOverflowing facilitiesâ€ ğŸ˜‚ oh now itâ€™s not kids in cages?! Amazing. How they scrub things. Not having as much fun but laughing still
148,17860203674457170,6340221831,instagram,2021-02-11 02:44:54,0,Agreed!! Love your work! â¤ï¸
149,17873015372240077,219715333,instagram,2021-02-11 02:35:24,20,"The ""new guy"" isn't really new. He's been a shit politician for 4 decades in washington."
150,17923283644525563,2305456941,instagram,2021-02-11 02:31:49,1,I do
151,17897914993766882,1345153861,instagram,2021-02-11 02:30:38,5,It's the same everywhere. I thought you were talking about Argentina... Media is pure shit. ğŸ‘ğŸ¾
152,17904865867709119,203396004,instagram,2021-02-11 02:30:10,1,@rgrace.2107 this just made me laugh
153,18065486146271509,4564396582,instagram,2021-02-11 02:29:21,78,"If the news isnâ€™t as gripping, it might be because you arenâ€™t listening to the right journalists. Biden has yet to remove the tax breaks 45 gave to the rich, even though he promised to do it on day 1. The Biden + Harris administration just deported 20 infants & children to Haiti, a nation whose president is refusing to leave office & his dictatorship is supported by the Biden Administration despite the resistance of the Haitian people. Biden still is lying about the 1 time stimulus payment he promised people & has changed the parameters & qualifications for the stimulus payment multiple times over the last ~ 23 days. THERE IS STILL PEOPLE FIGHTING FOR THEIR LIVES but letâ€™s make light of it & claim things arenâ€™t as interesting since mainstream liberal media has no problem not telling you about the Black & Brown people being drone bombed by the â€œlesser evilâ€ so many liberal whites claimed was a solution ğŸ™ƒ"
154,17871600908311010,584575248,instagram,2021-02-11 02:23:40,1,@meeshkeern
155,18139804495181067,1706599972,instagram,2021-02-11 02:11:41,6,Imma love this comment section and I'm not even American ğŸ˜‚
156,17906298946642554,54535022,instagram,2021-02-11 02:07:41,2,"I wish our president was still funny, like he has a habit of sniffing girls and speaking in senile gibberish. That'd be a caracature."
157,17884711262050110,1419870779,instagram,2021-02-11 01:52:43,33,Imagine voting for child sniffer and who puts men in women sports ruining their careers.
158,17867148986297663,6279803402,instagram,2021-02-11 01:52:01,0,Maybe
159,17889819796943297,451985209,instagram,2021-02-11 01:48:16,9,"Yes, yes u do. Mass job crisis incoming"
160,17907897910639096,1404484862,instagram,2021-02-11 01:44:34,20,I wish we could choose the better candidate and not the least bad one
161,17914883674598355,206528130,instagram,2021-02-11 01:43:31,14,CNN misses Trump that's for sure. Ratings at an all time low.
162,17882742872022367,4148241832,instagram,2021-02-11 01:42:19,62,Boring news is good news
163,17868608873326273,12129736059,instagram,2021-02-11 01:41:21,20,Did you want to lose some followers?
164,17879619893115351,26692998916,instagram,2021-02-11 01:38:50,56,People really think biden is gonna help america
165,17868980159321523,5840335520,instagram,2021-02-11 01:38:40,0,Here we go...
166,17873059490178522,36801961170,instagram,2021-02-11 01:38:39,3,I wish everyone would make it past the third panel
167,17927604178498251,8402898072,instagram,2021-02-11 01:37:25,91,Orange man BAAAAAD
168,17860519943422296,1567897003,instagram,2021-02-11 01:37:11,81,I don't think it's possible for me to miss someone less lmao
169,17875603061131658,26705828,instagram,2021-02-11 01:36:46,10,"Itâ€™s like a show I hated watching but couldnâ€™t stop watching is no longer making new episodes, just publishing little videos on social media. I CANâ€™T DECIDE IF ITâ€™S ENOUGH OR NOT! ğŸ˜±ğŸ˜±ğŸ˜±"
170,18148920949125308,3907743309,instagram,2021-02-11 01:36:34,4,The hashtags are always so fun to read
171,17888284258914559,4650811827,instagram,2021-02-11 01:33:51,68,ooo this comment section is about to amazing
172,17920514707538860,4209370120,instagram,2021-02-12 10:07:22,1,SO ARE REPUBLICANS
173,17883078026011680,5348031437,instagram,2021-02-12 00:24:38,1,#RepublicanCowards #JohnCornynIsACoward #TedCruzIsACoward
174,17879766053076441,35100179156,instagram,2021-02-11 10:55:57,1,#fascisttrumpğŸ”¥
175,17895155380867017,34667224715,instagram,2021-02-12 04:52:25,1,Tru dat
176,17864731085369188,25112959311,instagram,2021-02-15 10:57:46,0,Look at Killer Clinton talking!! ğŸ˜’
177,17861462849340954,50150588,instagram,2021-02-14 23:08:41,0,Shes an idiot that needs to have a life sentence in prison for the horror shes committed!!
178,17876838890112617,235616268,instagram,2021-02-14 13:21:26,0,She should know!!! ğŸ™„
179,18092967742230052,237669718,instagram,2021-02-14 09:25:41,0,Where did she come from? All of a@sudden we hear her speak
180,17874128510166053,965805073,instagram,2021-02-14 08:43:29,0,"IT IS AMAZING THAT  MS. EMAIL-HILLARY-BENGHAZI WANTS TO ACCUSE HIM WHEN HE DECIDED NOT TO PURSUE HER INVESTIGATION WHEN HE  BECAME OUR HONORABLE PRESIDENT. SHE  CAN NOT THROW  A DEMEANING LIE TO THIS PELOSI-KANGAROO COURT. I WILL PRAY HER,  PELOSI, HARRIS, BIDEN,  AND THE REST OF THESE 'PHARISEES.  REPENT AND TURN TO GOD! HE WILL HELP THEM ALL, IF NOT THE AMENDMENT 25 SHOULD BE USED FOR ALL OF THEM!"
181,17885724692008618,277053155,instagram,2021-02-13 23:51:28,0,"She shouldnâ€™t be talking. This one should be in jail for those 33,000 emails and Epstein bs."
182,17867471198336843,266868088,instagram,2021-02-13 17:13:02,0,What an evil woman ğŸ˜¡ Hope she repents soon & sees the light of Godâ€™s Word âœï¸
183,17932238089482311,1367131226,instagram,2021-02-13 16:58:14,0,And thereâ€™s the real purpose for this empty handed impeachment. Smear
184,17949437908418066,1193659525,instagram,2021-02-13 15:45:25,0,Evil witch
185,18095830915222094,2177955097,instagram,2021-02-13 11:45:12,0,Wish she would just stfu!
186,17865148355353359,186748713,instagram,2021-02-13 11:22:44,1,This demonic witch needs to stop âœ‹ğŸ¾
187,17900760685752877,2177428673,instagram,2021-02-13 10:51:21,0,She's one to talk. She should be in prison right now for her crimes against this country. What a hypocrit
188,17898209002749854,247995617,instagram,2021-02-13 09:59:01,0,ğŸ˜‚ğŸ˜‚ğŸ˜‚ğŸ˜‚ğŸ˜‚ğŸ˜‚ğŸ˜‚ğŸ˜‚ğŸ˜‚ğŸ˜‚
189,17889240118963888,29351903723,instagram,2021-02-13 09:52:27,0,Satans sister
190,17861356886361295,174324946,instagram,2021-02-13 09:19:42,0,Miss pizza gate Hitlery!!
191,17905237951690366,12369907084,instagram,2021-02-13 08:36:09,0,"Yeah, she knows all about rigged juries, rigged elections and deceit in general."
192,18064319800300638,7363791049,instagram,2021-02-13 08:15:03,0,Stage is set
193,17870839700319628,2227611580,instagram,2021-02-13 07:33:46,0,Ironic coming from the Queen criminal
194,17978513941350066,41141945003,instagram,2021-02-13 07:04:49,1,She needs to be in prison what a fucking joke she is
195,17920603666525050,40504952521,instagram,2021-02-13 06:58:34,0,She should be the first one behind bars!
196,17877220652155483,1534136606,instagram,2021-02-13 06:02:22,0,People in glass houses....
197,17888238196977292,29627918502,instagram,2021-02-13 05:58:28,0,"When is Killary ever going to face the crimes and murders she put into action. Bitch should be executed on WH lawn for her lies, destruction and evil deeds. Hell is still real killary. Your room is ready."
198,17869050929257492,295136942,instagram,2021-02-13 05:39:42,1,"Shit, I thought she was in jail or executed or something but NO...... she is fricking tweeting???? Seriously ğŸ¤ª"
199,17883368291073698,295460531,instagram,2021-02-13 05:23:32,0,"she is a violent criminal that has had many murdered, thats why she blames everyone else"
200,18192711037019315,39487890,instagram,2021-02-13 04:55:07,4,Speaking from experience?
201,17890964725890259,3457303769,instagram,2021-02-13 04:53:09,4,Hillary should be in jail now
202,17903964127686676,186263791,instagram,2021-02-13 04:22:10,1,HahahağŸ”¥ the devils running scared!
203,17897709502830726,11294706670,instagram,2021-02-13 03:33:15,2,"Hillbilly Hillary is just afraid Trump is coming for her! Remember Benghazi and The Steele Dascia - Russia Gate!  You better ask for forgiveness before you die, Jesus is the way,the truth, the life. Join a winning team- team Jesus!ğŸ™âœï¸âœï¸"
204,18194670544003957,1355852211,instagram,2021-02-13 03:17:35,2,She's just as guilty
205,17899111738746233,408281562,instagram,2021-02-13 03:14:41,0,ğŸ™„
206,17888149492910914,374064601,instagram,2021-02-13 03:02:05,0,Really? ğŸ™„
207,17895474346816561,10195505383,instagram,2021-02-13 02:59:19,0,Look who iis talking...the most corrupted woman in America
208,17897422303833389,2208927175,instagram,2021-02-13 02:52:58,3,I guess she remembers Benghazi
209,18137837812148245,8523520560,instagram,2021-02-13 02:52:25,1,Spare me. @hillaryclinton #deepstate #satanslittlehelper
210,17860986047464872,3898908732,instagram,2021-02-13 02:45:30,0,ğŸ‘¹ğŸ•ğŸ‘¹ğŸ•ğŸ‘¹ğŸ•
211,17897407411777154,32817581735,instagram,2021-02-13 02:45:20,1,They got it all witch...if they did not put you to death for your crimes against humanity yet...they are planning to.
212,17893926925892734,32817581735,instagram,2021-02-13 02:43:39,0,Says the child molesting child sacrificing child trafficking canibal evil evil witch who worships Satan...r
213,17877868424149347,4341332283,instagram,2021-02-13 02:41:35,1,Crackpot Hillary
214,17864077931333322,2028516654,instagram,2021-02-13 02:40:00,1,Well remember who's in control and you libtards are not but Jesus Christ is.
215,17860697396479771,8646637916,instagram,2021-02-13 02:07:14,0,You canâ€™t make this up
216,17859313808400773,274693466,instagram,2021-02-13 01:57:47,0,ğŸ—‘
217,17904738379707021,44588868214,instagram,2021-02-13 01:44:11,1,Dead woman walking
218,18147262288137699,44588868214,instagram,2021-02-13 01:43:54,0,Screw that liar
219,17891215813910070,828678017,instagram,2021-02-13 01:35:16,0,Blah blah!
220,18147466108190993,4616559695,instagram,2021-02-13 01:12:36,3,why isnâ€™t she locked up?
221,17884486061039759,4185277037,instagram,2021-02-13 01:08:13,15,"Why isnâ€™t she behind bars, maybe her conspirators are behind herğŸ§"
222,17935942174460930,38545764948,instagram,2021-02-13 01:06:43,1,SMH that his woman & her husband have not be Executed for Treason.
223,18143035900132764,3928750733,instagram,2021-02-13 01:04:10,1,She means how she got away with all her corrupt dealings the entire time sheâ€™s been in politics
224,17954148772407019,18256196744,instagram,2021-02-13 01:02:27,7,"And you know a thing or two about co-conspirators. Right, Hill?"
225,17873187983182391,242415137,instagram,2021-02-13 00:50:20,2,What about her and all the people that sheâ€™s killed? How come she was never on trial?
226,17968527373370848,28217515293,instagram,2021-02-13 00:42:35,1,What about your jury rodhamhood?
227,18119749480173183,1350535077,instagram,2021-02-13 00:35:33,0,ğŸ”¥For this ğŸ‘¹
228,17874365558159749,691444888,instagram,2021-02-13 00:17:51,1,This woman should be burnt at the stake on the front lawn of the White House along with pelosi
229,17933509339468849,34847096,instagram,2021-02-13 00:06:27,1,ğŸ¤£ğŸ¤£ğŸ¤£ğŸ¤£ğŸ¤£ğŸ¤£hypocrisy
230,18140070982182840,19553478692,instagram,2021-02-13 00:02:29,1,ğŸ˜‚ğŸ˜‚ğŸ˜‚ğŸ˜‚ğŸ˜‚All these people are so corrupt.
231,17880322478065661,8072685174,instagram,2021-02-12 23:55:30,1,"Revenge sometimes fails folks, though the end goal is to hide their sin, in the end God has the win!"
232,17895495310858155,3884311893,instagram,2021-02-12 23:54:31,4,This is funny coming from a woman who deserves to be in prison for treason against this nation.
233,17920864099531023,4322226774,instagram,2021-02-12 23:45:06,0,what a fookin conspiracy theorist matie
234,17892934615843472,6679671142,instagram,2021-02-12 23:44:34,0,ğŸ™„ğŸ™„ğŸ™„ğŸ™„ğŸ™„
235,17899227238813841,4930285798,instagram,2021-02-12 23:40:33,0,4 More Years are coming!!!
236,17924930458515569,296536616,instagram,2021-02-12 23:35:10,1,ğŸ˜‚ğŸ˜‚ğŸ˜‚ Witch!! ğŸ§™â€â™€ï¸
237,17858163203492538,5737481091,instagram,2021-02-12 23:32:07,4,ğŸ˜‚ Mrs. Bubba Clinton is a joke.  I laugh at her with the holy spirit ğŸ¤£ğŸ˜‚ hell awaits her for the disgusting things she does and the pathological lies that she spews.
238,18093002506231886,45253126909,instagram,2021-02-12 23:28:42,1,K thanks. Get another drink.
239,17891852323877802,8433058874,instagram,2021-02-12 23:26:49,22,She should be the last one talking .... we didnâ€™t forget about those emails ğŸ‘€ğŸ‘€ğŸ‘€
240,17922260356508607,521999475,instagram,2021-02-12 23:25:40,4,Projection
241,17859708824440435,3507757706,instagram,2021-02-12 23:24:26,2,Hillary Clinton is a disgrace to Americans and Americaâ€¼ï¸
242,17863412495377311,7866388417,instagram,2021-02-12 23:22:26,0,Fact checkers checking me. When making a remark on Hillary Lost freedom of speech.  According to lefts  constitution does not apply
243,17864598842328880,45311373663,instagram,2021-02-12 23:19:44,3,"She needs to find a hobby or something. Let it go, girl. ğŸ¤¦"
244,18193242850024506,206886680,instagram,2021-02-12 23:15:10,5,Thatâ€™s funny coming from Hillary Clinton crime family.
245,17955577378402853,375167727,instagram,2021-02-12 23:12:05,6,Sheâ€™s the one that should be in prison. Sheâ€™s a career crooked politicians. Trump is a business man.
246,17917857580545090,402311722,instagram,2021-02-12 23:08:41,4,"Boooooo, Hilary is the devil"
247,18104774095202917,6817463193,instagram,2021-02-13 05:20:01,1,Lincolnâ€™s inner strength much needed now!
248,17890307713945037,30335572616,instagram,2021-02-17 01:51:29,0,AS SHE SHOULD
249,18185670241067899,5431752428,instagram,2021-02-15 20:48:26,0,"Dont trust this woman, she is opportunist.  PERIOD!!!!ğŸ˜¡ğŸ˜¡ğŸ˜¡ğŸ˜¡"
250,17885133191028383,45733861532,instagram,2021-02-15 16:45:10,0,I Don't Like Trump Get Rid Of Him NOWWW ğŸ¤´
251,18158366191129199,6444982539,instagram,2021-02-14 23:43:41,0,"The best option on the negotiating table is cooperation with Iran. If not, we will see the production of an atomic bomb by Iran."
252,17874464996212926,2895754291,instagram,2021-02-14 13:08:39,0,Rat?  and ships
253,17875525496192974,5566518245,instagram,2021-02-14 02:02:46,0,The line has to be drawn!! Better late than never. The American people deserve better!!
254,18143340406134300,307674410,instagram,2021-02-14 01:37:33,0,ğŸğŸ¤®ğŸ¤®ğŸ¤®
255,17874348506207890,4210214112,instagram,2021-02-14 00:43:02,0,ğŸ˜‚ğŸ˜‚ğŸ˜‚ğŸ˜‚ğŸ˜‚ğŸ˜‚ is that a joke or what???? Now trumpicants are regretted ....ğŸ˜¡ğŸ˜¡ğŸ˜¡ğŸ˜¡ğŸ‘ğŸ»ğŸ‘ğŸ»ğŸ‘ğŸ»
256,17888505679965780,3175231323,instagram,2021-02-14 00:22:00,1,@nikkihaley we knew your true colors the moment you stuck your tongue up trumps @$$ You canâ€™t backtrack now. Own it. You were a co-conspirator and enabler. Keep your red hat on
257,17959924393387933,11611595992,instagram,2021-02-14 00:17:30,1,Republican Party needs a cleansing too many wishy washy people
258,17888207845936123,12731341195,instagram,2021-02-13 21:24:24,0,"She's basically said, ""you cant trust my judgement"" on the biggest issues"
259,17900658469755107,773444519,instagram,2021-02-13 16:59:24,0,well why DID you then? you stupid woman
260,17884659662041723,5420292191,instagram,2021-02-13 13:12:29,0,ğŸ˜‚ğŸ˜‚ğŸ˜‚ğŸ˜‚ğŸ˜‚ğŸ˜‚ğŸ˜‚
261,17993142265318306,8386658136,instagram,2021-02-13 12:01:54,0,Uhhh you donâ€™t say. ğŸ™„ğŸ˜¡
262,17877644894108099,27377501100,instagram,2021-02-13 10:55:06,0,"#Astrologer service in  24hours call +91-8890883451(-Guru ji-)ğŸ‘«Vashikaran specialist
ğŸ“Whatsapp and call no- +91-8890883451
1âƒ£-Love Problem Solution ğŸ’ğŸ’˜
2âƒ£-Husband Wife Love ğŸ’”ProblemğŸ‘¨â€ğŸ¦°ğŸ‘©â€ğŸ¦°
3âƒ£-Business In Loss problemâœï¸ğŸ’µğŸ’µğŸ’°ğŸ’³
4âƒ£Diveroce_problem_solution
5âƒ£Job And Visa Problem
6ï¸âƒ£Inter_Caste_Marriage_Solution  7âƒ£All Problem Solution,-#101%-granted,! 8ï¸âƒ£âœˆï¸Foreign travel problem  call Now (-Guru ji-)Call NowğŸ“+91-8890883451
ğŸ™ğŸ™ğŸš© à¤œà¤¯ à¤¶à¥à¤°à¥€ à¤°à¤¾à¤§à¥‡ à¤¶à¥à¤¯à¤¾à¤® à¤œà¥ˆà¤¸à¥‡:- (à¤ªà¥à¤°à¥‡à¤®-à¤µà¤¿à¤µà¤¾à¤¹) (à¤®à¤¨à¤šà¤¾à¤¹à¤¾ à¤ªà¥à¤¯à¤¾à¤° ) (à¤•à¤¾à¤®-à¤•à¤¾à¤°à¥‹à¤¬à¤¾à¤°) ( à¤ªà¤¤à¤¿ - à¤ªà¤¤à¥à¤¨à¥€ à¤®à¥‡à¤‚ à¤…à¤¨à¤¬à¤¨)"" ğŸ‘« à¤¸à¤­à¥€ à¤œà¤—à¤¹ à¤¸à¥‡ à¤¨à¤¿à¤°à¤¾à¤¶ à¤ªà¥à¤°à¥‡à¤®à¥€-à¤ªà¥à¤°à¥‡à¤®à¤¿à¤•à¤¾à¤à¤‚ à¤à¤• à¤¬à¤¾à¤° à¤œà¤°à¥‚à¤° à¤•à¥‰à¤² à¤•à¤°à¥‡à¤‚, à¤†à¤ªà¤•à¤¾ à¤ªà¥à¤¯à¤¾à¤° à¤Ÿà¥‚à¤Ÿà¤¨à¥‡ à¤¨à¤¹à¥€à¤‚ à¤¦à¤¿à¤¯à¤¾ à¤œà¤¾à¤à¤—à¤¾à¥¤ 101% à¤—à¤¾à¤°à¤‚à¤Ÿà¥€à¤¡ à¤¸à¥‡ Noteâ€“(à¤µà¤¶à¥€à¤•à¤°à¤£ à¤¸à¥à¤ªà¥‡à¤¶à¤²à¤¿à¤¸à¥à¤Ÿ à¤ªà¤‚à¤¡à¤¿à¤¤ à¤œà¥€) A.K shastri ji à¤¨à¥‹à¤Ÿ :-Noteâ€“à¤‰à¤ªà¤°à¥‹à¤•à¥à¤¤ à¤¸à¤®à¤¸à¥à¤¯à¤¾à¤“à¤‚ à¤•à¥‡ à¤…à¤²à¤¾à¤µà¤¾ à¤­à¥€ à¤•à¥‹à¤ˆ à¤”à¤° à¤¸à¤®à¤¸à¥à¤¯à¤¾ à¤¹à¥‹ à¤œà¤¿à¤¸à¤•à¤¾ à¤¨à¤¿à¤µà¤¾à¤°à¤£ à¤¯à¤‚à¤¤à¥à¤°-à¤®à¤‚à¤¤à¥à¤° à¤µ à¤à¤¸à¥à¤Ÿà¥à¤°à¥‹à¤²à¥‰à¤œà¥€ à¤•à¥‡ à¤°à¤¿à¤²à¥‡à¤Ÿà¥‡à¤¡ à¤¹à¥‹ à¤¤à¥‹ à¤†à¤ª à¤¹à¤®à¥‡à¤‚ à¤•à¥‰à¤² à¤•à¤°à¤•à¥‡ à¤¬à¤¤à¤¾à¤‡à¤¯à¥‡à¤—à¤¾
â˜WhatsApp +91-8890883451"
263,17880252197065172,3962714536,instagram,2021-02-13 10:08:57,1,"Too little, too late Nikki! We already knew your moral compass was broken, but now you've shown that like trump, YOU also have no loyalty to anyone! ğŸ¤¡"
264,17917863016539990,1752432688,instagram,2021-02-13 10:08:50,0,rhawanda your real name
265,18200203408020356,2363371061,instagram,2021-02-13 07:58:22,0,Time for future republican leadership to step up. Liz and Nikki!?
266,18145929751186378,3862475735,instagram,2021-02-13 07:23:29,0,RINO Haley
267,17871602210261947,8336195159,instagram,2021-02-13 07:23:13,0,We don't forgive you.
268,17885721023020539,2265019277,instagram,2021-02-13 06:47:41,0,Lol
269,17873971865228004,39492202452,instagram,2021-02-13 05:12:30,1,Itâ€™s all well and good now saying it like it is isnâ€™t it?
270,17882068730081368,27633441938,instagram,2021-02-13 04:22:08,1,"@creative_gaze_int sadly, you are correct. She made a huge mistake aligning herself with him. But then again, the entire Republican Party has lost its mind (and morals)."
271,17955444670398734,33648413311,instagram,2021-02-13 03:29:27,0,She's as EVIL as trump himself. Its the same agents who work gor deep state pushed trump to make mistakes and turned against him. This shows how EVIL creature this lady is. Hayley you yourself will not run any federal office AGAIN in jesus name
272,18089787751241581,357170077,instagram,2021-02-13 03:06:59,0,Blimey didnâ€™t think she had it in her!
273,17895744907848789,6510950086,instagram,2021-02-13 03:00:20,3,"Anyone who followed Trump, anyone and everyone who followed him should be removed from office and position. They clearly do not have a moral compass or intellectual discernment to hold any position of power."
274,17888976436961668,44890335924,instagram,2021-02-13 01:37:31,1,Zionist tool
275,17878111469149750,9895422185,instagram,2021-02-13 01:09:22,0,Where are those trump supporters who all ways tell us fake news this fake news that.you heard from a real republican
276,18140827057083254,4311416182,instagram,2021-02-13 01:06:20,2,"That's NOT a Turn On Him comment, its a Political Pivot which #wethepeople find sickening."
277,17894691682869647,38307633074,instagram,2021-02-13 00:55:22,0,That shows how much loyalty a woman possess
278,17955956053395354,4814279561,instagram,2021-02-13 00:47:17,1,"Why did she do it in the first place? So much hypocrisy itâ€™s to vomit ğŸ¤¢. She tries to save her place in politics, but how can you trust a politician who couldnâ€™t make the right choice when she realised that Trump was an incompetent president?"
279,17889973600947462,262859009,instagram,2021-02-13 00:47:12,12,"Yeah.. no. Iâ€™m all for changing your opinion when presented with new, better, and factual information, but this ainâ€™t it. Sheâ€™s trying to walk it back now to secure her own political seat, but she has already made it blatantly obvious that her morals end when the political line and cash flow begin."
280,18129938563165601,25955017784,instagram,2021-02-13 00:36:11,1,Just proves how I intellectually challenged some people are
281,17878604342088513,3162749369,instagram,2021-02-13 00:31:57,1,Too little too late
282,18128681965165851,9794163823,instagram,2021-02-13 00:21:36,2,Rats leaving the sinking ship ğŸ˜‚ğŸ˜‚ğŸ˜‚ğŸ˜‚
283,17913607009605807,1491364275,instagram,2021-02-13 00:20:49,0,Hindsight is 20/20. Morals get you thru a day.
284,17904692704703663,13028157695,instagram,2021-02-13 00:16:09,0,Tears ğŸ˜­ grips my heart knowing how hard Iâ€™ve struggled to find a legit trader. I never wanted to do this but Iâ€™ll be guilty if I donâ€™t share this good news to people lauren_crypto  profit is the best trader Iâ€™ve ever know. Thanks for helping me and i will forever be grateful to you lauren_crypto profit
285,18158105134105709,245946547,instagram,2021-02-12 23:57:11,10,Itâ€™s a little late for that.
286,18193806439022234,508545084,instagram,2021-02-12 23:56:55,1,OMG! She didnâ€™t say that! Idk how still people are following this cheap page. Youâ€™re not even smart in your lies
287,18149271544190128,2220963508,instagram,2021-02-12 23:56:30,5,F her
288,17861430776355599,2996004148,instagram,2021-02-12 23:48:20,0,Most of the trump cultists are like him what a coincidence ğŸ˜‚
289,17878659701126348,1816182608,instagram,2021-02-12 23:45:49,3,Eyeing the VP run in 24. Pence Haley
290,17891593381920969,38523506517,instagram,2021-02-12 23:38:59,16,Iâ€™m not a trumper but she has no loyalty to anyone or anything - typical
291,18139791241087523,27633441938,instagram,2021-02-12 23:37:45,7,Itâ€™s about damn time she came to her senses!
0,17916024808583798,3544668418,instagram,2021-02-19 00:52:00,1,Well stated!
1,17874135509220349,30746756357,instagram,2021-02-16 01:55:25,1,ğŸ˜‚ğŸ˜‚ğŸ‘
2,17891163556905576,10563354725,instagram,2021-02-12 00:05:16,1,The hand makes it sublime
3,18126510583195827,10563354725,instagram,2021-02-12 00:04:00,1,Missed this one b4 and the band aid too. Too good
4,17912957488603721,9704226,instagram,2021-02-03 22:33:08,1,ğŸ˜œğŸ˜œğŸ˜œperfectâ£ï¸
5,17943391621429260,14076519593,instagram,2021-01-23 07:49:06,1,All you have to do is point.
6,17881615940045606,15539972416,instagram,2021-01-19 00:49:27,1,How did I miss this??? Hope they have a truck with a lift... he canâ€™t walk up those ramps! I want to be sure they donâ€™t leave him behind!!!
7,18188166058016505,2253165030,instagram,2021-01-17 10:27:47,1,ğŸ”¥ğŸ”¥ğŸ”¥
8,17926878391491733,3918775337,instagram,2021-01-16 06:13:53,1,Please take it away - Iâ€™ll gladly pay more for the extra weight fee. ğŸ™
9,17885488096903546,2331477491,instagram,2021-01-16 02:37:10,1,Hahahahahahahahahaha
10,17871661589156571,455886068,instagram,2021-01-15 23:43:09,1,ğŸ’™ğŸ’™
11,18180298192070652,6265516263,instagram,2021-01-14 18:51:19,1,Good question about the toxic waste?
12,17916555562576230,367290780,instagram,2021-01-13 11:57:10,1,Thanks for the laughter ğŸ˜€
13,18145012147121711,1823937883,instagram,2021-01-13 09:46:11,1,Nicely done Brett. I especially appreciate the attention to detail you gave to the tiny handsğŸ¤£
14,17870630810214048,363972512,instagram,2021-01-13 06:29:20,1,This is perfect.
15,17930215999474430,5475686182,instagram,2021-01-13 05:13:06,1,ğŸ˜‚ Love it! Yea... I donâ€™t know... heâ€™s pretty toxic! ğŸ’•
16,18101272864205065,1108865625,instagram,2021-01-13 04:02:18,1,Seriously toxic waste!
17,17977225063343534,7281129774,instagram,2021-01-13 03:51:26,1,This is great Brett. Someone on FB is getting ready for a virtual moving party once the moving vans get there. I needed a laugh today as Iâ€™m worried about the coming week â¤ï¸ğŸ™ğŸ˜˜ Thanks for your art ğŸ–¼ ğŸ’‹ğŸ’‹ğŸ’‹ğŸ’‹
18,18135685114082383,3174987505,instagram,2021-01-13 03:41:25,1,ğŸ‘ğŸ‘ğŸ‘ğŸ‘
19,17890785577889054,1025822241,instagram,2021-01-13 02:23:02,1,Right on! ğŸ”¥ğŸ‘ğŸ‘
20,17956318204386348,255473151,instagram,2021-01-13 02:22:54,1,Garbage in. Garbage out ğŸ‘
21,17902393543690810,1334659720,instagram,2021-01-13 02:01:51,1,Bye bye...and never come back please....
22,17862823313338847,44292464361,instagram,2021-01-13 01:35:39,1,THIS IS GOLD!!!! ğŸ”¥
23,17925075991499824,356005602,instagram,2021-01-13 01:30:37,1,Thank you for making his â€œbaby handsâ€ #detailsmatter â¤ï¸â¤ï¸â¤ï¸
24,17913330661573648,7073492530,instagram,2021-01-13 01:07:48,1,"I understand thereâ€™s an upper class of Yrumpies that donâ€™t go to his rallies & wear all the paraphernalia?! They actually benefit from his tax cuts & protection from law suits, you know like if your employer says, 
â€œcome to work or youâ€™re fired!â€ So, these ppl in the upper crusties are watching the pathetic â€œtoolsâ€ do all the rioting! Thatâ€™s your GOP!! Devoid of all morals!!"
25,17865990938248369,191541028,instagram,2021-01-13 00:43:22,1,ğŸ‘ Impeach now
26,17856709481462413,6753434131,instagram,2021-01-13 00:32:37,1,â¤ğŸ‘ğŸ½ğŸ‘ğŸ½ğŸ™
27,18146581744125882,5706375312,instagram,2021-01-13 00:31:33,1,â¤ï¸
28,17980286008332057,11774621533,instagram,2021-02-19 11:36:12,0,Cunt Face!
29,17896549144828687,41360008149,instagram,2021-02-07 03:01:40,0,â¤ï¸check your inbox i have an special offer for you â¤ï¸
30,17908327318615873,13808046726,instagram,2021-01-16 22:55:09,1,Collab? Dm us @ heujier
31,17849367119510697,25303716354,instagram,2021-02-10 12:51:06,0,Amazing post ğŸ”¥ğŸ”¥ğŸ”¥ğŸ”¥
32,17895769591796994,8530090917,instagram,2021-02-06 18:23:03,0,Happy Birthday to u ğŸ™‚
33,17883952562024693,41969410430,instagram,2021-02-01 23:31:51,1,ğŸ”¥ğŸ”¥ğŸ”¥ğŸ”¥
34,17910906913612303,190108337,instagram,2021-01-30 11:59:59,1,Happy bday
35,18175759036072735,145987595,instagram,2021-01-30 03:12:08,1,Happy Birthday Pretty LadyğŸ˜ğŸğŸ‚
36,17919252337546692,42083504079,instagram,2021-01-30 01:04:48,1,Yâ€™all fits to cleanğŸ”¥ğŸ”¥ğŸ”¥ğŸ”¥ğŸŠğŸŠğŸ’¯
37,17910904951609147,3035032285,instagram,2021-01-29 19:46:42,1,Happy birthday
38,17842269200527599,18893405138,instagram,2021-01-29 18:52:33,2,ğŸ’¯ğŸ˜â™¥ï¸
39,17880959774082690,1773634797,instagram,2021-01-29 17:26:31,1,gorgeousğŸ˜ğŸ˜ğŸ’™ğŸ’™ğŸ’™
40,18156528298097383,1773634797,instagram,2021-01-29 17:26:14,0,like my recent one please?ğŸ˜ğŸ˜ğŸ˜ŠğŸ˜Š
41,17983884199329836,19086968231,instagram,2021-01-29 15:03:32,2,â™¥ï¸ğŸ’¯ğŸ˜˜
42,17871411836185775,15222054,instagram,2021-01-30 00:03:50,1,ğŸ”¥ğŸ”¥ğŸ”¥
43,17907551590632517,7899349,instagram,2021-02-02 02:57:55,0,love it!
44,17883001037053520,21091951,instagram,2021-02-01 22:00:30,0,Amazing Marcie â¤ï¸
45,17996476930312199,6760823622,instagram,2021-02-10 14:16:56,1,"Seriously, itâ€™s just football, stop putting politics into this."
46,17860345952434688,2982891497,instagram,2021-02-10 10:31:52,1,"every super bowl is in black history month, so does that mean every time a white guy wins it's racist? Like I understand there is a lot of racial inequality but cmon man it's a sport..."
47,17896684093788584,3410283401,instagram,2021-02-10 08:37:53,1,They acting like Kaepernick would make the super bowl ğŸ˜‚
48,17916661225566022,42105487209,instagram,2021-02-10 08:36:43,1,Slow day at the office ğŸ˜‚
49,17980014751343676,3973052508,instagram,2021-02-10 08:36:39,1,good lawd
50,17867971160296738,510686821,instagram,2021-02-18 23:26:23,0,Retard
51,17877339128178176,42493661257,instagram,2021-02-18 02:38:23,0,Using the word coup awfully loosely lol
52,18195403546063649,1478560961,instagram,2021-02-17 17:47:19,0,ğŸ˜‚ğŸ˜‚ğŸ˜‚ğŸ˜‚ğŸ˜‚ğŸ˜‚ğŸ˜‚ğŸ˜‚ğŸ˜‚ğŸ˜‚ğŸ˜‚
53,17904360160687533,244908805,instagram,2021-02-17 14:53:33,0,@feministabulous
54,17868845567332722,38573421537,instagram,2021-02-17 06:13:54,1,2-0
55,17895464527876875,548197376,instagram,2021-02-16 23:45:49,0,Funny how the people least equipped to handle violence and danger want to defund the police ğŸ¥´
56,17895106021872298,278754880,instagram,2021-02-16 22:41:49,0,None of what you stated is realistic nor will happen. Stop the nonsense hypocrisy..
57,17936128003452746,4063010744,instagram,2021-02-16 12:30:52,2,Hahah. Trump won again. 2-0. ğŸ‘ğŸ‘ğŸ‘ğŸ™ŒğŸ™Œ
58,17921161675533918,29048822475,instagram,2021-02-16 12:24:35,1,BRO DONT DEFUND THE POLICE. THEY ARE HERE TO HELP YOU LOTS. THEY FUCKING RISH THEIR LIVES FOR US ALL. AND DONT U COME AT ME FOR THIS. NOT ALL THE POLICE ARE THE SAME. JUST BECAUSE A FEW POLICE OFFICERS OR SOME SHIT DID SOMETHING WRONG. GET OVER IT BRO. U NEED TO TAKE THIS OFF YOUR PAGE
59,17872824170302996,1096328790,instagram,2021-02-16 07:16:00,0,So fucked up.
60,17869422962256962,1090869626,instagram,2021-02-16 07:02:35,1,"@brookiebrownie1234 If I have to see this cringe, you have to see it too."
61,18190896775000677,280099852,instagram,2021-02-16 03:29:40,0,â€œMinneapolis to spend 6.4 mil on recruiting police as Crime spikesâ€ lmao
62,17861050937472736,280897029,instagram,2021-02-16 02:28:37,0,Absolute *gold*
63,17940574975443328,20111978,instagram,2021-02-16 00:06:51,0,These are so idiotic. ğŸ˜‚ Turn off your CNN and go live in the real world.
64,17916614905570474,1806585993,instagram,2021-02-15 23:46:02,0,"Roses are red, Darth Sidious is evil, why did Disney have to grok up the sequels?"
65,17860683404379618,1806585993,instagram,2021-02-15 23:45:20,0,"Roses are red, I work as a trucker, Shadow the Hedgehog is a B**** a** mother******."
66,17856559307500025,1806585993,instagram,2021-02-15 23:41:30,0,"Roses are red, I hate the MHA fandom, they send death threats because their crazy ""ships"" aren't canon."
67,17894528926885814,5799525350,instagram,2021-02-15 16:27:11,0,Damn yâ€™all dems are crazy
68,18129226252164853,53841,instagram,2021-02-15 14:41:19,0,I love your work ğŸ˜ğŸ”¥ğŸ™ŒğŸ¼
69,18139647124144220,6848356511,instagram,2021-02-15 14:27:50,0,I love these!!!!
70,17894290873894861,7245396014,instagram,2021-02-15 13:23:23,0,Iâ€™m sorry but the 4th one donâ€™t rhyme whatsoever
71,17911651366599682,42439259,instagram,2021-02-15 13:02:55,0,ğŸ’¯
72,17904842683676254,37498988710,instagram,2021-02-15 09:35:43,0,Defund politicians all of them
73,17895717277816307,8915037727,instagram,2021-02-15 07:54:11,0,ğŸ¤¸â€â™‚ï¸
74,18107083000203277,8655386308,instagram,2021-02-15 06:19:02,0,Damn... defunding the police wasnt actually a good thing
75,17961117745376520,6309658686,instagram,2021-02-15 05:27:04,2,This is what wasting hard earned American tax dollars looks like! Exactly what you are advocating and filling the heads of young people that donâ€™t know any better. PS ALL LIVES MATTER!
76,17915009800597253,25566509,instagram,2021-02-15 05:12:00,2,@thechuchuu @_torisaur
77,17895768925862625,435316336,instagram,2021-02-15 03:59:37,1,ğŸ™„ğŸ™„ğŸ™„ğŸ™„ğŸ™„
78,17929730263471670,180764172,instagram,2021-02-15 01:59:33,0,"Playing Devil's Advocate here. Speaking from Ireland, where my ancestors suffered under the Royal Irish Constabulary and my northern brethren under the RUC until only 20 years ago, the thought of having an inadequate police service scares me. How many of you would feel safe in a city like London for example if the Met weren't there? Reform is possible and better."
79,17858103554436213,44956359100,instagram,2021-02-15 01:10:04,0,â¤ï¸ğŸ”¥ğŸ”¥
80,17922196975518241,44098784687,instagram,2021-02-15 00:59:41,0,"I don't get the one with ""fuck with AOC"". Can somebody clarify? Thank you!"
81,17898220639755048,7480961668,instagram,2021-02-15 00:54:24,0,Trump was acquitted again.  Whatâ€™s next little miss drama queen
82,17868409844281436,2139047821,instagram,2021-02-15 00:36:41,0,Is it to late to call
83,17917133344576324,3492859869,instagram,2021-02-15 00:19:09,0,"If we defended the police, more crime would happen in low income neighborhoods and more black lives would be lost."
84,17895534262816837,8033066800,instagram,2021-02-14 23:12:46,0,absolutely not
85,17897711620830052,1995681651,instagram,2021-02-14 23:05:51,0,Wonderful. Thank you!
86,17869172495261756,23904989672,instagram,2021-02-14 22:13:42,0,ğŸ‘ğŸ¿ğŸ‘ğŸ¿ This verdict is ridiculous...not surprised of course.
87,17900347144774803,333235481,instagram,2021-02-14 15:55:28,2,"Holy shit not a single differing opinon, you must be infallible and not delete comments ever at all !!!!! Go gurrrrl!!!!!"
88,17849156633515565,335705706,instagram,2021-02-14 13:04:32,0,"Are the comments turned off, or do I still have time to dawn my hazmat suit?"
89,17895111988872237,31824925585,instagram,2021-02-14 12:26:43,0,This is all so ğŸ”¥ğŸ”¥ğŸ”¥
90,18192804562039907,28221203335,instagram,2021-02-14 11:05:11,0,How did that work out for yağŸ˜‚
91,17897198716833749,3810317244,instagram,2021-02-14 09:09:59,3,"Trump just got aquitted today by the senate, and rightly so. Massive victory for Donald and the right. Massive loss for the left and the democrats. #aquitted ğŸ‘ğŸ™Œ"
92,17880005021111133,4141371353,instagram,2021-02-14 09:01:27,3,"*Trump supporter Goes skydiving for first time*

(Instructor) Here is youâ€™re parachute 

(Trump supporter) I not gonna wear anything the liberal media tells me too ğŸ˜­"
93,17872474988282698,3898299202,instagram,2021-02-14 08:22:00,4,"""I know that everyone here will soon be marching over to the Capitol building to peacefully and patriotically make your voices heard."" -Donald J. Trump"
94,18120144631173495,232387003,instagram,2021-02-14 07:36:46,1,@a.santi.716  bro these fucking libs nowadays lolololol read this shit ğŸ˜‚ğŸ˜‚ğŸ˜‚
95,18128991628164170,48420699,instagram,2021-02-14 07:03:17,0,ğŸ˜‚ğŸ˜‚ğŸ˜‚ğŸ˜‚ğŸ˜‚
96,17860553984378541,5645831499,instagram,2021-02-14 06:00:21,0,He was aquitted ğŸ¤£ğŸ¤£ğŸ¤£ğŸ¤£ğŸ¤£
97,17861525048476574,38709093567,instagram,2021-02-14 05:59:41,0,You all know that the senate will not get a 2/3rds majority right? Lmao. Yaâ€™ll Democrats love wasting time and tax payer money ğŸ˜‚ğŸ˜‚ğŸ˜‚ğŸ˜‚ğŸ˜‚
98,17918033299528939,1592961020,instagram,2021-02-14 05:26:44,11,this didnâ€™t age well
99,18029615380292344,1592961020,instagram,2021-02-14 05:26:29,0,hah
100,17857754930493230,224125807,instagram,2021-02-14 04:29:02,0,ğŸ˜‚
101,17902270960739003,15295691,instagram,2021-02-14 03:43:18,0,Imagine thinking this garbage is artğŸ˜‚
102,18193084561016507,18618801804,instagram,2021-02-14 03:09:43,0,these feminist types are slow
103,17867388719294981,18618801804,instagram,2021-02-14 03:09:19,0,ğŸ˜‚you have fun with that
104,18147246829187238,765349878,instagram,2021-02-14 02:54:48,0,â¤ï¸â¤ï¸â¤ï¸â¤ï¸â¤ï¸
105,17912594767608200,373397866,instagram,2021-02-14 02:36:57,0,ğŸ”¥
106,17861274845359047,17142884,instagram,2021-02-14 02:24:17,0,ğŸ˜‚ğŸ˜‚ğŸ˜‚ğŸ˜‚ğŸ˜‚ğŸ˜‚
107,17948478346423635,4071194,instagram,2021-02-14 02:18:57,0,These are ğŸ”¥ğŸ”¥ğŸ”¥ğŸ”¥ğŸ”¥ğŸ”¥!!! And the actionable items! Thank you!
108,17897454076829394,1322027022,instagram,2021-02-14 02:03:10,0,these are so idiotic. i cannot believe people are so dense that they support this stuff
109,18148208671139584,31267995089,instagram,2021-02-14 01:36:08,0,Ware 2 mask what a load of crap ğŸ˜‚ğŸ˜‚
110,17879078549135250,273871155,instagram,2021-02-14 00:41:02,0,Thank you for always following up your art with ways to take action!
111,17889154486950624,8678931458,instagram,2021-02-13 23:59:36,0,ğŸ”¥ğŸ™Œ
112,17895470263822646,31510199158,instagram,2021-02-13 23:59:01,0,"""defund the police"""
113,18139150033085881,40336629,instagram,2021-02-13 23:20:30,0,I canâ€™t ğŸ˜‚ğŸ˜‚
114,18095235985217516,179866720,instagram,2021-02-13 22:22:06,0,@_alysonns
115,17870650025319000,1917436530,instagram,2021-02-13 21:39:24,1,@iloveecannabiss
116,17884535057038545,1917436530,instagram,2021-02-13 21:39:18,0,@bitchimightvee
117,17895392104821572,10241376228,instagram,2021-02-13 19:55:23,0,How about blacks burning cities and black business and looted black business and murdered black people
118,17933375920471456,42784295047,instagram,2021-02-13 19:49:06,0,The police are here to protect the community. Unfortunately the media only portrays the awful brutality. Thereâ€™s cops who do abuse their power but not all cops are bad
119,17878561028151903,5447082513,instagram,2021-02-13 16:49:47,0,These are INCREDIBLE!ğŸ‘ğŸ‘ğŸ‘ğŸ‘ğŸ‘
120,17910963691616977,27168510422,instagram,2021-02-13 15:07:52,0,No you donâ€™t have to wear two stupid
121,18156448447114810,45220183186,instagram,2021-02-13 14:59:47,0,Roses are red the media is not true. Believe in the lies and a Ğ´ÑƒĞ¼Ğ±Ñ†ÑƒĞ½Ñ‚ is you
122,17912901070581642,28478531182,instagram,2021-02-13 14:00:49,0,These are all incredible
123,17904518518705228,9946128,instagram,2021-02-13 13:56:04,0,Nice one ğŸ”¥
124,17881197116096896,177049027,instagram,2021-02-13 13:21:41,0,Asleep indefinitely.
125,17863807775336056,19537190697,instagram,2021-02-13 13:21:10,0,Your fucking stupid for wanting to defund the police trump is fucked but so are you
126,17881347716095088,24614994527,instagram,2021-02-13 13:20:43,0,This is some Hello Kitty says ACAB bullshit.
127,17894329258888060,45254852889,instagram,2021-02-13 12:59:15,14,"2021, the darkest year in US history, I WOULD RATHER DIE THEN ACCEPTING BIDEN AS MY PRESIDENT, AND LIVING IN A NATION GOVERN BY HIM, THE WHITE HOUSE, OVAL OFFICE BELONGS TO TRUMP, I'VE PACKED MY BAGS AND I'VE LEFT THIS COUNTRY, MY KIDS WILL NOT GROW UNDER BIDEN'S PRESIDENCY, I CANT RISK THEIR LIFE. JOE BIDEN CANNOT BEAT TRUMP, NO NO NO The MEDIA, LIBERALS AND CORRUPT local officials DO NOT GET TO SELECT MY PRESIDENT. I DONT ACCEPT HIM AS MY PRESIDENT, THESE ELECTIONS WERE RIGGED RIGGED RIGGED, GREAT PRESIDENT TRUMP is GETTING ROBBED! This is absolutely the final straw,my KIDS ARE IN DANGER I CAN'T ACCEPT BIDEN AS MY PRESIDENT - I CANT SURVIVE A DAY UNDER BIDEN PRESIDENCY, I absolutely don't want to live in this nation where our GREAT PRESIDENT TRUMP is getting ROBBED! I'VE PACKED MY BAGS AND I'M LEAVING THIS COUNTRY! MY PRESIDENT WAS IS AND WILL BE DONALD TRUMP! 4 more years...ğŸ‡ºğŸ‡²"
128,17861147099410675,1781516,instagram,2021-02-13 12:45:05,1,"Roses are red, Democrats are blue, this post shows your party is authoritarian too. ğŸ¤·ğŸ»â€â™€ï¸"
129,17897253565838218,23217224,instagram,2021-02-13 11:37:37,0,ğŸ¤“ğŸ¤“ğŸ¤“ğŸ˜…ğŸ¤£ğŸ¤£ğŸ¤£
130,17914009324604397,3058166989,instagram,2021-02-13 10:02:46,0,May I repost this with credit?
131,17861517128403427,15404964614,instagram,2021-02-13 09:36:19,0,aoc is literally just as bad as other politicians this is the most performative shit
132,18128818879199576,191821761,instagram,2021-02-13 08:23:11,0,Can we get rid of the atf too?
133,18140358691080095,42969035,instagram,2021-02-13 07:13:08,0,Sarahhhhh I love you â¤ï¸
134,17897999404759996,14559594654,instagram,2021-02-13 06:59:06,0,You are fucking stupid lmfao
135,17884510481040116,13747425396,instagram,2021-02-13 05:42:09,0,What a disgraceful post.
136,17860645982373125,11133411587,instagram,2021-02-13 05:36:58,4,These have got to be some of the most stupidest things I have ever heardğŸ˜‚
137,17917175416561426,1256217597,instagram,2021-02-13 05:30:34,0,ğŸ˜‚ğŸ˜‚ğŸ˜‚ğŸ˜‚ğŸ‘ğŸ‘
138,17914079983601199,4306205978,instagram,2021-02-13 05:22:47,23,Fuck you.. blue lives matter too.
139,18030351352295905,275881921,instagram,2021-02-13 05:01:15,0,"â€œIf the Nuremberg laws were applied, every post war president would be hangedâ€. Say no to the mass murdererâ€™s DC death cult. AntiWar.com @warisaracket @richardtmedhurst @resist.war @jewishvoiceforpeace @veteransforpeace"
140,17897811817763055,39298395234,instagram,2021-02-13 04:11:30,13,Yâ€™all lost ğŸ˜‚
141,17885789561012817,40025710874,instagram,2021-02-13 03:36:41,0,What I wouldnâ€™t give for the mask one to be printed on a mask ğŸ’–
142,17897308342837139,7394851800,instagram,2021-02-13 03:15:12,0,Hall of fame menace of society badge ğŸ˜‚ for sho
143,17880032144113528,6647679374,instagram,2021-02-13 03:13:47,1,@savannahsog0ld
144,18094419652225628,6948763912,instagram,2021-02-13 02:30:22,0,Failed post
145,17915631427583480,341567952,instagram,2021-02-13 02:11:33,0,These are ğŸ”¥ğŸ”¥ğŸ”¥ğŸ”¥
146,18193813564037504,6245361669,instagram,2021-02-13 01:46:40,0,Well someone had to say itâ¤ï¸
147,17870940527231214,479248269,instagram,2021-02-13 01:27:56,0,Stunning. ğŸ‘ğŸ¼ğŸ’°ğŸ”Ÿ
148,17858444906408874,4087446113,instagram,2021-02-13 01:17:36,0,How do people like AOC?
149,17856960440441118,203029234,instagram,2021-02-13 00:37:45,0,From a creative standpoint. These  poems are dog shit.
150,17843506052527925,302897210,instagram,2021-02-13 00:03:16,0,nah fuck this bullshit. wear two masks now? hell nah
151,17988890977324429,391000184,instagram,2021-02-12 23:58:15,0,â¤ï¸â¤ï¸â¤ï¸
152,17898108259766996,31935974440,instagram,2021-02-12 23:53:15,1,Democrats are truly as dumb as dog shit
153,18071825830252640,247952357,instagram,2021-02-12 23:39:09,1,"Who gives a shit if the senate is blue. Every politician is a tax suckling criminal. Yaâ€™ll put WAY too much faith in your â€œfavoriteâ€ politician, itâ€™s scary and disgusting as fuck."
154,18139627624180474,721079899,instagram,2021-02-12 23:23:04,2,Can I get some stickers for my planner fam? ğŸ™ğŸ½
155,18159706399098903,44830750991,instagram,2021-02-12 22:18:46,1,Normal people laugh at people who wear 2 masks
156,17892666634843770,36817421456,instagram,2021-02-12 22:18:16,6,"Roses are red, the world makes me sadder 
Why canâ€™t you just agree police matter"
157,17876742020175512,36817421456,instagram,2021-02-12 22:17:17,5,"Roses are red, Libtards are slumped
Why do you all have an unhealthy obsession with trump"
158,17845146647518905,36817421456,instagram,2021-02-12 22:14:29,5,"Roses are red, your mom is Asian 
The bitches crying about BLM are all Caucasian ğŸ¤¦â€â™€ï¸"
159,17857021280443494,4541949069,instagram,2021-02-12 21:17:06,0,ğŸ‘ğŸ½ğŸ‘ğŸ½ğŸ‘ğŸ½ğŸ’“ğŸŒ¸
160,17884501802058036,435388271,instagram,2021-02-12 19:53:46,0,Thatâ€™s cute lol
161,17914585552604026,29662319,instagram,2021-02-12 18:32:59,0,ğŸ”¥ğŸ”¥ğŸ”¥â¤ï¸
162,17904301564726369,30248667,instagram,2021-02-12 15:44:39,0,Impeccable
163,18140635267084294,991587730,instagram,2021-02-12 15:24:31,1,"""Abolish the police!"" *one hate crime later* ""Call the police!"""
164,18093938224234343,8048743968,instagram,2021-02-12 14:28:00,0,Why. WHYYY DO YALL DO THIS. Why do yâ€™all have to make Valentineâ€™s Day rhymes out of actually problems in the us like police brutality and immigration
165,17908523980635924,39322908,instagram,2021-02-12 12:45:38,0,These are my favorite
166,17895061360874412,26941482,instagram,2021-02-12 12:32:49,0,These are sick!!ğŸ”¥â¤ï¸ğŸŒ¹
167,17910735550626559,1299093261,instagram,2021-02-12 11:56:56,0,ğŸ‘ğŸ¼ğŸ‘ğŸ¼ğŸ‘ğŸ¼
168,17880427343066027,50579588,instagram,2021-02-12 11:39:46,0,This is so amazing ğŸ”¥ğŸ‘
169,17876526485116954,334557645,instagram,2021-02-12 11:02:12,4,I need this on a shirt ğŸ‘š
170,17886802729989839,6915297,instagram,2021-02-12 10:58:36,1,@christianedgington
171,17858411522413131,43602001039,instagram,2021-02-12 10:18:43,1,all of these are terrible terrible ideas
172,17881587701081696,237852561,instagram,2021-02-12 10:12:09,0,@bluemangroup how do you feel about this ğŸ˜¢
173,17867368019289236,7300592,instagram,2021-02-12 10:02:40,0,"Have Ye Bail On Timeâ€™s Day!!!
#AbolishPOLice â˜®ï¸â™¥ï¸âœŠğŸ½"
174,17884585469049597,33044215,instagram,2021-02-12 10:01:23,0,â¤ï¸ğŸ”¥â¤ï¸ğŸ”¥â¤ï¸
175,17970001273368126,11918649,instagram,2021-02-12 09:56:48,0,I support the cause but these are all so dumb
176,17886811768999912,4431599397,instagram,2021-02-12 09:30:31,0,sounds illegal but ok
177,17876777717177310,32678156,instagram,2021-02-12 09:22:27,0,â¤ï¸â¤ï¸â¤ï¸
178,17846048687522212,223313034,instagram,2021-02-12 08:57:01,0,ğŸ‘ğŸ½ğŸ‘ğŸ½ğŸ‘ğŸ½
179,18128429701162886,1490885511,instagram,2021-02-12 08:03:14,1,"Police are being shot and killed out on the streets for 60k a year. We need a change in CULTURE, not the system... defunding cops ainâ€™t gonna do shit."
180,17910666319627806,5550038,instagram,2021-02-12 07:50:33,0,@themrjudd now these are some valentines I can get behind â¤ï¸ğŸ”¥ğŸ‘
181,17937903412454577,175362792,instagram,2021-02-12 07:25:33,1,This stuff is pathetic. Wear two masks? Get over yourself. Why not wear sixğŸ˜‚ğŸ˜‚ğŸ˜‚ğŸ˜‚ğŸ˜‚ğŸ˜‚ğŸ˜‚ğŸ˜‚
182,17925588163513627,25837113,instagram,2021-02-12 07:10:52,0,@kretchmom
183,18106764997203896,431856296,instagram,2021-02-12 06:45:41,0,@zenasativa
184,18066989434265819,6984484275,instagram,2021-02-12 06:36:38,2,You mean  the  people who risk  their lives to keep your ass safe. Are you saying to defund the people that serve your community more than you will ever do. This is why most people don't want to listen to you.
185,17908219753636148,15426230581,instagram,2021-02-12 06:27:57,1,Your kinda retarded no offense
186,17875310318139086,41327374602,instagram,2021-02-12 05:06:48,0,You are the fucking best
187,18156880543112316,6625719,instagram,2021-02-12 05:06:39,0,These are so good! Thank you! ğŸ‘
188,18158176213100914,2317739376,instagram,2021-02-12 05:05:48,0,THESE ARE SO GOOD
189,17884656500051869,2334532947,instagram,2021-02-12 04:32:26,1,@birbinia
190,18091819543231411,20387378,instagram,2021-02-12 04:24:03,0,@senyorbigote
191,17872752029190215,44016913409,instagram,2021-02-12 04:12:56,0,that's fukin haliarious
192,17888296231920247,174642180,instagram,2021-02-12 03:43:18,39,Cringe
193,18192647467001297,1096931982,instagram,2021-02-12 03:43:13,2,This screams ignorance
194,17881724972090848,2289031138,instagram,2021-02-12 03:30:42,0,Chigga
195,17896290307821860,16442685,instagram,2021-02-12 03:04:58,0,These are fucking awesome!!! ğŸ˜‚ğŸ‘ğŸ™Œ
196,18196337938046041,5474040,instagram,2021-02-12 02:49:39,91,"would love these as stickers! (ESPECIALLY the â€œno lives are blue, defund the police, abolish ice tooâ€ one)"
197,17871933674279348,49578578,instagram,2021-02-12 02:47:09,1,Rent free huh?
198,17883567026065623,5474040,instagram,2021-02-12 02:45:09,0,These are all incredible ğŸ™ŒğŸ»ğŸ™ŒğŸ»ğŸ™ŒğŸ»
199,17905459486688052,567534858,instagram,2021-02-12 02:21:32,0,!
200,17896964215779508,1246911815,instagram,2021-02-12 02:13:26,0,Love these! @sarah.epperson May I repost- with full credit of course?
201,17897128129829719,7125275286,instagram,2021-02-12 01:50:58,0,I love your comebacks to all the idiots here lmao
202,17877091247162776,48931383,instagram,2021-02-12 01:27:41,1,@paula.m.edgerton thought you might get a kick out of these ğŸ˜‚
203,17864582612358610,37316928137,instagram,2021-02-12 00:40:06,0,Brilliant ğŸ˜
204,17876450837181893,5830901669,instagram,2021-02-12 00:37:52,0,"""No lives are blue"" you clearly didn't watch Avatar lmao"
205,17854534529505278,17290843603,instagram,2021-02-11 23:39:41,2,"Liberals- â€œDefund the policeâ€ 
Crime rates- My time to shine ğŸ˜"
206,18140307889085717,6319074700,instagram,2021-02-11 23:38:46,0,I wish I made this ğŸ˜
207,17884572227040497,23877133,instagram,2021-02-11 23:23:14,2,@thatoneblondegirlrachel @jvz_1 @nomadic_stalwart
208,18156554590119192,290937406,instagram,2021-02-11 22:38:28,0,Thank god I donâ€™t live in the usa
209,17873424695240186,4023533538,instagram,2021-02-11 22:35:54,0,Hello kitty says acabğŸ¥ºğŸ’• vibes ğŸ™„
210,17895291508856393,4372083009,instagram,2021-02-11 22:30:54,0,No
211,18139047856178083,7066674353,instagram,2021-02-11 22:29:22,6,â€œPermanently ban trump from all digital media platformsâ€??? What?! Basically taking away his first amendment right but okay!
212,17900147653762706,303848592,instagram,2021-02-11 22:29:17,0,@newmexpat
213,17950415938412186,388415842,instagram,2021-02-11 22:21:55,1,@allthemusic96 the valentines we really need
214,18192609496014780,29851910236,instagram,2021-02-11 22:04:51,2,We need cops to protect us tho
215,17986235545320173,13580075434,instagram,2021-02-11 21:46:00,0,Sooo good. Sharing these
216,17864411894325384,9237120542,instagram,2021-02-11 21:06:05,0,No
217,17861525576392899,7090679247,instagram,2021-02-11 20:31:28,7,Ok when someone is robbing your house or threatening you dont call the cops. You cant say fuck the police then call them. Yall are dumb asf. This page is a joke ğŸ˜­ğŸ˜­ğŸ˜­ğŸ˜­ğŸ¤¡
218,17916751252566205,497903155,instagram,2021-02-11 20:28:49,0,ğŸ‘ğŸ‘ğŸ‘ğŸ‘
219,17883610100065339,3101048404,instagram,2021-02-11 19:38:11,0,This is lit ğŸ”¥
220,17977959010348339,1554925429,instagram,2021-02-11 18:57:54,1,Imagine being this dumb
221,17899699966775704,7537066440,instagram,2021-02-11 18:14:27,0,"May I post one of these on my instagram if I credit you? If not I 100% understand, I wouldnâ€™t want to repost without artist consent."
222,17943055870440038,24432338,instagram,2021-02-11 17:45:35,1,The best Valentineâ€™s ever! ğŸ”¥â¤ï¸ğŸ˜
223,18159015646102059,201786100,instagram,2021-02-11 17:42:53,0,ğŸ‘ğŸ½ğŸ‘ğŸ½ğŸ‘ğŸ½ğŸ‘ğŸ½
224,17871783824251663,178922525,instagram,2021-02-11 17:07:58,0,"@shesoneinagillian ğŸ‘ğŸ‘ ps, the AOC one is ma fav"
225,17955355639403441,6073533216,instagram,2021-02-11 15:59:39,0,ğŸ’
226,17849436134510941,28414059,instagram,2021-02-11 15:54:40,2,@jewwwyy @zharinna_pookie ğŸ˜‚ğŸ˜‚ happy Vday lol
227,17902638661715445,202251818,instagram,2021-02-11 15:38:09,2,"Are you calling for abolition of ICE or defunding? Because these mean entirely different things. Your poem says abolish, your comment says defund. Can you clarify which one you are advocating for?"
228,17876042327180484,7370349815,instagram,2021-02-11 15:20:51,5,"Okay first of all, several of those donâ€™t even rhyme. Second, I thought calking her AOC was some kind of â€œwhite male sexist racistâ€ whatever. Third, Trump didnâ€™t attempt a coup, especially considering he was at the top of the government already. So..... donâ€™t know which hole you pulled that out of. And last, if you want to be completely, scientifically correct, no lives are black, no lives are blue or any other color because life is an intangible concept or force or entity and therefore, does not have any color. â€œUnity,â€ screamed the anarchists."
229,17849450015510907,10660557929,instagram,2021-02-11 14:40:27,41,Good luck eating food and paying taxes with biden
230,17890876765887301,185068612,instagram,2021-02-11 14:28:32,0,This is the best thing Iâ€™ve seen all day! ğŸ’™
231,18127103899198292,373417789,instagram,2021-02-11 13:44:51,0,poetry ğŸ˜ğŸ˜
232,17895174649818370,31499698221,instagram,2021-02-11 12:58:06,0,Fuck youâ€™re amazing
233,17895665752849336,867659880,instagram,2021-02-11 12:57:28,0,ğŸ‘ğŸ‘ğŸ‘ğŸ‘
234,17925315022508361,445056914,instagram,2021-02-11 12:36:50,11,"Fun fact, reallocation of funds in the Seattle Police Department has led to a 25% increase in burglaries, 48.57% increase in homicides, and spike in wait times for 911 calls."
235,17901809773742483,264108586,instagram,2021-02-11 12:22:36,0,@_minervalovett
236,17883528890061697,8327435,instagram,2021-02-11 11:52:52,0,These are amazing ğŸ‘ğŸ”¥ğŸ‘
237,17873694821212973,16129546,instagram,2021-02-11 11:46:42,0,These are so good.
238,17884612772026050,3227382179,instagram,2021-02-11 11:45:08,1,@kbrochaim
239,17856629066456395,43690655135,instagram,2021-02-11 11:27:04,1,@dlugozimamargaret
240,17876774210174371,226668724,instagram,2021-02-11 11:09:14,0,These are amazing. ğŸ”¥â¤ï¸ğŸ‘
241,17884512527042163,12954488,instagram,2021-02-11 10:53:59,0,I loveee these you killed it ğŸ™Œâ¤ï¸ğŸ‘
242,17859795845456866,3989623146,instagram,2021-02-11 10:42:02,0,"Can you change the last one so it rhymes? What about â€œRoses are red, the works never done, call your reps, 202-224-3121â€"
243,17888143144981073,218359088,instagram,2021-02-11 10:31:29,0,I love every single last one of these!
244,18072542266252511,321800335,instagram,2021-02-11 10:25:18,0,Amazing
245,17872049951302439,3904564331,instagram,2021-02-11 10:19:55,0,Invest with @trade_with_daniellefx
246,17878724897130972,23419708,instagram,2021-02-11 09:49:09,0,genius
247,17877053507159664,522368002,instagram,2021-02-11 09:43:59,1,@dee_ruu18 @megawatt_mike @eileen6892 @msang_11 @orourkea7 @hannahebliss
248,17883425219061177,43209471,instagram,2021-02-11 09:11:04,0,ğŸ˜† I love all of these!
249,17914090090570138,43350845319,instagram,2021-02-11 08:43:32,1,No this is the most horible thing ever made an
250,17887607197986825,4562268302,instagram,2021-02-11 08:36:00,0,THIS IS EXCELLENCE!!! ğŸ‘ğŸ½ğŸ‘ğŸ½ğŸ‘ğŸ½ğŸ‘ğŸ½ğŸ‘ğŸ½
251,17871835877263332,10630137594,instagram,2021-02-11 08:28:04,1,"Just to clarify defund the police, not abolish the police right? because I'm kind of uncomfortable with both, but what do I know I'm just some ""kid"" that supports the military and law enforcement officers. (At least the good police, not the bad apples.)"
252,17894167828836340,17832631517,instagram,2021-02-11 08:27:13,2,I look at this world and I don't know if I'm even alive. Let alone how to live for 5 years
253,17853840434484477,1663551814,instagram,2021-02-11 08:22:25,0,I love these all so much ğŸ”¥â¤ï¸â¤ï¸
254,18158863690109345,1116451518,instagram,2021-02-11 08:18:13,0,The only Valentines I will accept this year
255,17863649399335519,179191170,instagram,2021-02-11 07:57:56,0,These are so good!
256,17886377393005684,6966376521,instagram,2021-02-11 07:54:42,9,How and why is still a thing ? Maybe the senate should do something more constructive for the American people. Rather than wasting time over nothing.
257,17914319755596321,1470701465,instagram,2021-02-11 07:33:25,8,"You guys are like mosquitoes, annoying"
258,17884690280025840,28492227295,instagram,2021-02-11 07:31:21,0,THESE ARE AMAZING ğŸ’“ğŸ˜„
259,17871401711312614,261063593,instagram,2021-02-11 06:59:36,36,Ultimate cringe
260,17914527358591615,17405367,instagram,2021-02-11 06:46:40,0,Wowowow love them ALL
261,17883234068073396,465726832,instagram,2021-02-11 06:40:29,7,You gotta be stupidğŸ¤£ I ainâ€™t never seen anything as dumb as this. Just shut up.
262,17900099350772052,45866967347,instagram,2021-02-11 06:40:20,0,Spread the word! We are calling on the American people to protest nationwide February 15th to demand the conviction of Donald J Trump. We demand justice! Justice For America!
263,17998577251308617,196207565,instagram,2021-02-11 06:34:56,0,these are iconic ğŸ‘
264,17890990207895016,2080420597,instagram,2021-02-11 06:21:43,0,EXCELLENT!!!!
265,18158644642106044,468525711,instagram,2021-02-11 06:20:40,1,@cascadingwooddesigns
266,17887233310943832,2965957905,instagram,2021-02-11 06:12:24,0,every single heart is ON POINT ğŸ‘ğŸ½
267,17901660259740894,52674615,instagram,2021-02-11 06:11:50,1,@messyrunner thought you would like these â¤ï¸
268,17882208566077966,2043288,instagram,2021-02-11 06:09:09,0,ğŸ‘ğŸ» ğŸ‘ğŸ» ğŸ‘ğŸ»
269,18147984553143717,33215147812,instagram,2021-02-11 06:05:19,0,You are amazing omg
270,17851292228498008,200921922,instagram,2021-02-11 06:02:36,0,ğŸ‘
271,17871731252262516,2311634918,instagram,2021-02-11 05:59:03,0,Yessssss! ğŸ˜‰ğŸ™ŒğŸ½ğŸ’™
272,18140855845177366,195075028,instagram,2021-02-11 05:58:12,0,These are brilliant. ğŸ’¯â™¥ï¸
273,17904074530674545,327973886,instagram,2021-02-11 05:51:15,0,Need some of these in phone wallpapers ğŸ˜­ğŸ˜­
274,17858584433488366,2999093094,instagram,2021-02-11 05:25:22,0,ğŸ™ŒğŸ½â¤ï¸ğŸ”¥
275,17908433851644951,1574997612,instagram,2021-02-11 05:18:01,0,Beautiful
276,18057578983273139,11381819,instagram,2021-02-11 05:17:07,24,Wow! Youâ€™re so creative. You should use your talents for something useful!
277,17992692016321918,30246724753,instagram,2021-02-11 05:14:26,8,"All this is is the general publics opinion. Anyone says anything that dosen't conform to the general opinion, and WHOHOHOAH, all of a sudden their the crazy ones"
278,17904994855723293,1482988019,instagram,2021-02-11 04:53:11,0,You're a fucking genius with these creations of yours! ğŸ˜
279,17861003345419536,31400094,instagram,2021-02-11 04:51:33,0,ğŸ‘ğŸ‘ğŸ‘
280,17888406112971517,35418335632,instagram,2021-02-11 04:49:03,0,love love love
281,17966825284374709,5611093014,instagram,2021-02-11 04:42:31,0,Every single one of these are ğŸ˜šğŸ‘ŒğŸ¼
282,17872380491244676,5420559,instagram,2021-02-11 04:39:53,0,Yes @sarah.epperson YES!  Thank you.
283,17916588871572658,14107262960,instagram,2021-02-11 04:35:48,0,How perfect ğŸ¤©! Thank you! ğŸ”¥ğŸ™Œâ¤ï¸
284,17914715701596833,3216814987,instagram,2021-02-11 04:35:32,0,This is fantastic!
285,17857656554493470,31637206,instagram,2021-02-11 04:26:44,1,@undercovermexi
286,17873950463211121,3185421105,instagram,2021-02-11 04:16:27,0,ğŸ˜ğŸ‘â¤ï¸
287,17861066930421383,468525711,instagram,2021-02-11 04:05:00,0,Excellent Valentines!ğŸ’™
288,17898200785754200,260453371,instagram,2021-02-11 03:58:45,0,ğŸ™ŒğŸ™ŒğŸ™ŒğŸ™ŒğŸ™ŒğŸ™Œ
289,17867212910337150,728093931,instagram,2021-02-11 03:58:23,1,Can someone explain to me the AOC one?
290,17940065296443924,193626542,instagram,2021-02-11 03:56:11,0,THIS ğŸ’¯ thank you @sarah.epperson ğŸ™ğŸ»â¤ï¸
291,17898919321815423,320891435,instagram,2021-02-11 03:54:30,0,ğŸ‘ğŸ¼ğŸ™ğŸ»ğŸ™ğŸ»
292,17945664022429419,37488252933,instagram,2021-02-11 03:52:41,0,AMAZING
293,18191953384048781,988285,instagram,2021-02-11 03:48:16,0,These are fantastic!!
294,17860525229464641,2061436,instagram,2021-02-11 03:39:54,0,@tracey_franco  @sid_shortiee
295,17910825772620965,270817748,instagram,2021-02-11 03:39:29,0,ğŸ™ğŸ½
296,17920855906545420,4721952560,instagram,2021-02-11 03:39:26,0,YES ğŸ‘ğŸ‘ğŸ‘â¤ï¸ğŸ”¥
297,17906153041671426,7490102870,instagram,2021-02-11 03:30:02,0,â¤ï¸
298,17956158466392108,327645639,instagram,2021-02-11 03:28:46,0,Damn these are good!!
299,18139201036087163,256216204,instagram,2021-02-11 03:16:03,0,Amazing ğŸ‘ğŸ™€
300,17873773772228953,48771502,instagram,2021-02-11 03:11:43,0,@jems_momma
301,18194202229043967,31569367056,instagram,2021-02-11 03:11:29,0,need these to send out on Valentineâ€™s Day because they are amazingggğŸ”¥
302,18177366436075269,7974765,instagram,2021-02-11 03:03:03,0,Hahahaa yesss!!! I love this!
303,17916814207562247,238858319,instagram,2021-02-11 03:00:55,0,ğŸ”¥ğŸ”¥ğŸ”¥
304,18091246276232560,178837514,instagram,2021-02-11 03:00:10,0,All of theseğŸ‘
305,18195456664057127,31232378,instagram,2021-02-11 02:54:27,0,ğŸ˜
306,17903833048728177,180230554,instagram,2021-02-11 02:52:57,0,I love this
307,17904431770695517,24794546,instagram,2021-02-11 02:50:35,1,The only valentines i want ğŸ˜
308,17910634003624359,9572811,instagram,2021-02-11 02:50:10,1,love these! ğŸ‘â¤ï¸
309,17965761406374784,54779639,instagram,2021-02-11 02:49:19,1,â¤ï¸â¤ï¸â¤ï¸
310,17925498016493146,18030668,instagram,2021-02-11 02:46:45,1,ğŸ‘ğŸ‘ğŸ‘ğŸ‘
311,18175744498074161,9849069524,instagram,2021-02-11 02:46:16,1,@nastywomancosmetics now this is my valentine â¤ï¸
312,18149250910185464,21218089,instagram,2021-02-11 02:44:00,2,My kind of poems ğŸ’šğŸ§¡ğŸ’›
313,17920647049550008,206058697,instagram,2021-02-11 02:42:48,1,These are so great!!!
314,17874688652194641,196584888,instagram,2021-02-11 02:42:33,1,These are great haha
315,17884970452986079,4313013175,instagram,2021-02-11 02:39:18,1,ğŸ’•ğŸ’•ğŸ’•
316,18192074959011810,1412022809,instagram,2021-02-11 02:39:08,1,ğŸ‘ğŸ½ğŸ‘ğŸ½ğŸ‘ğŸ½ğŸ‘ğŸ½ğŸ‘ğŸ½ğŸ‘ğŸ½ğŸ‘ğŸ½ğŸ‘ğŸ½
317,17873549219167431,2047820291,instagram,2021-02-11 02:38:35,1,My kind of valentine ! ğŸ‘â¤ï¸ğŸ‘â¤ï¸ğŸ‘
318,17876872658173903,146279616,instagram,2021-02-11 02:38:26,1,ğŸ’›
319,17984627221329964,224366326,instagram,2021-02-11 02:35:59,1,This is ğŸ”¥ğŸ”¥ğŸ”¥
320,17905539193658241,3062205664,instagram,2021-02-11 02:35:57,1,I love these ğŸ”¥ğŸ”¥ğŸ”¥
321,17870703569228712,764628596,instagram,2021-02-11 02:35:48,126,"While youâ€™re calling your senators, please also ask them to vote yes on S.51 for DC Statehood!! Not only is it a civil rights issue, but we can get so much more done in Congress if all citizens have equal representation."
322,18139139977089109,299580893,instagram,2021-02-11 02:35:18,1,all of these!!!!! ğŸ”¥ğŸ”¥ğŸ”¥
323,17908717483650197,6917557144,instagram,2021-02-11 02:35:11,1,Ahh!! I made a similar one today! ğŸ™Œâ¤ï¸
324,17920928560552027,6195437712,instagram,2021-02-11 02:35:06,1,I LOVE THESE ğŸ™ŒğŸ”¥â¤ï¸ honestly the poetry side of this makes it âœ¨impeccable âœ¨
325,17895382324816001,191193436,instagram,2021-02-11 02:34:44,1,These are perfection! ğŸ‘ğŸ‘ğŸ‘ğŸ‘
326,18158971303129728,5876075,instagram,2021-02-11 02:34:41,1,The most romantic poem of 2021 â¤ï¸
327,18159847045111776,27759584,instagram,2021-02-11 02:34:08,2,"Itâ€™s sooo disturbing that 1/3 of the Republicans believe the election was fraud, of course with zero evidence ğŸ¤¯"
328,17873624471225293,1441635010,instagram,2021-02-11 02:32:55,3,These are all so perfect! ğŸ‘ğŸ½ğŸ‘ğŸ½ğŸ‘ğŸ½ğŸ‘ğŸ½
329,17884345382041305,2521458628,instagram,2021-02-11 02:29:41,5,Wow this makes me love connecting with u on this app even more
330,18119889301173386,3079657,instagram,2021-02-11 02:28:58,6,"Wow, Sarah, I had no idea you were such a beautiful poet. ğŸ˜˜"
331,17945308051429161,209948707,instagram,2021-02-11 02:28:27,2,ğŸ”¥ğŸ”¥ğŸ”¥
332,17851294427495465,6610297550,instagram,2021-02-11 02:26:10,4,These are too good â¤ï¸
333,17904179812692343,12680008,instagram,2021-02-11 02:23:12,3,".
.
.
.
.
.
.
#ImpeachTrump #impeach #impeachment #WearAMask #WearYourMask #AOC #AlexandriaOcasioCortez #ValentinesDay #DefundPolice #KeepFamiliesTogether #defundhate #vdayÂ Â #valentine #resist #feministart #feministasfuck #fucktrump #feminist #politicalart #activism"
334,17884673720058160,39646185019,instagram,2021-02-16 02:40:07,1,"Yes! If anyone needs a bold cup of coffee to get through the rest of this week, check out our Farwell Trump wall free Mexican coffee!"
335,17887885801982334,1792134220,instagram,2021-02-13 00:39:34,0,ğŸ”¥
336,17864817413356107,383719228,instagram,2021-02-12 08:44:42,2,Divine feminine energy is stepping up!
337,17878380353137984,3309839868,instagram,2021-02-12 03:35:28,1,Absolutely !
338,18147155410189240,5441727986,instagram,2021-02-11 23:40:04,1,â¤ï¸ğŸ™Œ
339,18053198725284012,179830114,instagram,2021-02-11 20:59:36,1,ğŸ‡»ğŸ‡®ğŸ‡»ğŸ‡®ğŸ‡»ğŸ‡®ğŸ‡»ğŸ‡®ğŸ”¥ğŸ”¥ğŸ”¥ğŸ”¥
340,17935896751443166,191549642,instagram,2021-02-11 11:02:08,1,"I LOVE her! We NEED more of her. Sheâ€™s an incredible public speaker, the DNC needs her to be the face of the party more."
341,17881441460082521,203099913,instagram,2021-02-11 06:36:05,3,THIS is how a SiSTAR shows up to handle the business!!!
342,17880997598066245,273576209,instagram,2021-02-19 13:05:10,0,This is a direct quote from Mitch McConnell
343,17865314660363843,2925459359,instagram,2021-02-18 09:25:06,0,@gop
344,17915801794581354,146202695,instagram,2021-02-17 21:55:23,0,Why are we so surprised?
345,17906267620715355,6837397554,instagram,2021-02-15 22:07:02,0,Sore ..you stole election..but donâ€™t be concerned..we will take care of that alsoğŸ‘
346,17898059362767758,45897603720,instagram,2021-02-15 07:02:32,1,The GOP cult puts profits above all else even life
347,17871543716313188,38509299389,instagram,2021-02-14 21:32:33,0,"The Dems need to fulfill the promises they ran on. Fuck Manchin and Sinema, either they will or strip them of any roll, period. 82 million Americans voted for results not posturing. Enough is enough, stop playing with the American people."
348,17886083608973619,7073717380,instagram,2021-02-14 17:13:16,0,Bunch of f*ckin idiots
349,18052296190280366,5870361135,instagram,2021-02-14 14:45:47,0,a bunch of dumb fuc*ing cunts. what a shi*show this country is. it's just pure comedy now...
350,17908722271642918,23311278859,instagram,2021-02-13 23:58:07,0,Our system is broken!!! Itâ€™s become painfully clear!!!
351,17892756247864155,55933152,instagram,2021-02-13 23:17:30,0,"This page doesnâ€™t do anything, just gets people worked up to do nothing."
352,17876982743165274,3134662696,instagram,2021-02-13 22:30:10,0,Maybe the Capitol Police will leave them with no defense next time
353,17860071299483444,415429591,instagram,2021-02-13 22:09:32,1,Pretty much!
354,17886692344952692,197437015,instagram,2021-02-13 21:50:49,1,Sums it up.
355,17896490446798813,5942807805,instagram,2021-02-13 17:24:28,0,ğŸ˜‚ğŸ˜‚ğŸ˜‚ idiot or he thinks we are.
356,17914645918592710,872209953,instagram,2021-02-13 11:12:44,0,Truth
357,17975390797357102,1601695014,instagram,2021-02-13 08:58:10,0,Unfortunately for you the evidence proves he's not guilty.
358,17859780569446240,38479175944,instagram,2021-02-13 05:16:37,0,Sad but true
359,17845181258519999,6818211332,instagram,2021-02-13 03:05:13,0,Sickening!!!
360,17894718391878468,1699948375,instagram,2021-02-13 02:42:08,0,Right?  I'm sick about this.
361,17861319095359365,6491141822,instagram,2021-02-13 02:25:17,0,Facts
362,17850568751500979,568868343,instagram,2021-02-13 02:16:55,0,this is plain and simple
363,17856428240460269,5619109274,instagram,2021-02-13 01:37:52,0,"I posted one like this in my FB and one of my Trumper ""friends"" told me to check my sources. Lol says the guy who loves and breathes Fox and Newsmax, etc lol"
364,17891171509931198,18387586974,instagram,2021-02-13 01:15:14,0,That entire party will forever more be known as the insurrection party.  Traitorous scumbags.
365,18137880550159548,34349585309,instagram,2021-02-12 23:47:33,0,Thatâ€™s how itâ€™s going down. People need to vote on impeachment not his teammates
366,17917116373566664,22754924,instagram,2021-02-12 23:24:06,0,Sad that is exactly what is happening!  The GOP has sold their souls to the devil!ğŸ˜¢
367,17861986775401911,4099011250,instagram,2021-02-12 23:17:49,0,Gop doesn't care what he does or did just keep the money coming
368,17897572474829025,466919226,instagram,2021-02-12 22:32:28,0,@realchingobling
369,18090243517240372,16323965955,instagram,2021-02-12 21:57:07,0,That sums it up!!
370,17855101391501632,1915346698,instagram,2021-02-12 21:54:13,0,Sadly the truth. Soulless GOPğŸ™„
371,18183367000064081,10860291403,instagram,2021-02-12 21:45:30,0,Isnâ€™t it up to thesenate which the democrats have a huge advantage since 11 gop senators dropped out
372,18106487797205566,7446889206,instagram,2021-02-12 21:13:35,0,Sums it up
373,18119787724168104,2970670944,instagram,2021-02-12 21:07:06,0,ğŸ˜¡
374,18057615676277747,44478987699,instagram,2021-02-12 20:23:06,0,Republicans dont know the definition of the word honesty
375,17925279895518468,9403344308,instagram,2021-02-12 20:16:04,0,Actual photo of McConnell practicing in the mirror
376,17881346285102231,204863299,instagram,2021-02-12 17:34:10,0,"Let them go in their manner. It is very profitable for Democrats. They lost the senat, the congress and the White House. Win-win situation."
377,17924848678498546,16041029,instagram,2021-02-12 16:48:46,1,How can this be happening?? That the jury are all his deniers. And they already said theyâ€™d not convict regardless of any evidence presented. How can that be justice!!?? Whoâ€™s policing them?!?
378,17872613273248242,1455296148,instagram,2021-02-12 16:35:09,1,#repost
379,17852810132490993,16881593,instagram,2021-02-12 16:14:10,0,@flsenrickscott  @scottforflorida
380,17916966394563530,3266635640,instagram,2021-02-12 15:41:37,0,@senategop HAVE THE BLOOD OF OFFICER SICKNICK ON THEIR HANDS!
381,17878289474085108,4126627085,instagram,2021-02-12 14:16:06,1,Shame on them!!!
382,18191475247062755,2946091617,instagram,2021-02-12 12:20:07,0,ğŸ’¯
383,17873812460220619,3213457987,instagram,2021-02-12 12:18:55,0,Like the blind eyes.  Perfect
384,18192058846032842,37142896215,instagram,2021-02-12 12:14:03,0,That's about right.......
385,17864244917366218,36178583,instagram,2021-02-12 11:49:23,5,"Sadly true...but we will remember.  We will fund all their opponents, regardless of what state they are from, as we did for Georgia. Let no complicit republican have doubt, we will get you voted out."
386,18075677062247035,1668041784,instagram,2021-02-12 11:27:29,1,AND............ That is why the GOP will fall.
387,17860358255379601,32258991267,instagram,2021-02-12 10:26:06,0,"GOP SENATORS you are all corrupt, crooks, criminals, cheaters, traitors, terrorists, murderers, evil, liars, liars, liars you donâ€™t belong in the White House of Americans"
388,17876790455172562,3029120882,instagram,2021-02-12 10:21:18,0,That sounds about right. ğŸ¤¬
389,17858429231416141,32258991267,instagram,2021-02-12 10:14:41,0,America has become a TERRORIST country by the REPUBLICAN PARTY they are all CORRUPT
390,17897119462778393,2069378887,instagram,2021-02-12 09:37:43,0,Nailed it ğŸ˜¢
391,17888406373957285,1308789039,instagram,2021-02-12 09:27:18,1,Exactly!
392,17869150625258823,38983333031,instagram,2021-02-12 09:20:44,3,Pretty much sums up the Republican perspective.  Completely devoid of morals and character.
393,17919809977553911,12645059158,instagram,2021-02-12 09:17:37,0,Sad but true.
394,18030731221291563,44454965525,instagram,2021-02-12 09:16:18,1,"Frames missing: ""we won't start trial until he's out of office"" and then ""well now he's out of office so the trial shouldn't be done!"" ... ğŸ˜’ğŸ¤£ğŸ¤£ğŸ¤£ Pathetic... ğŸ‡ºğŸ‡²ğŸ‘Œ"
395,18137662960180017,44122378602,instagram,2021-02-12 09:13:27,0,Those Republicans are going to ğŸ”¥ğŸ”¥ğŸ”¥FIREDğŸ”¥ğŸ”¥ğŸ”¥
396,17861174915358193,2208425076,instagram,2021-02-12 09:12:44,0,One piece of input. Add one that says even though there's video of him saying he wants them to be violent we won't listen or find him guilty.
397,17889089359949521,8947765353,instagram,2021-02-12 09:08:03,0,There were Republican senators at the last impeachment who openly admitted that they didnâ€™t care if he was guilty they would vote innocent. Itâ€™s wild.
398,18140699329092352,8947765353,instagram,2021-02-12 09:08:03,3,There were Republican senators at the last impeachment who openly admitted that they didnâ€™t care if he was guilty they would vote innocent. Itâ€™s wild.
399,17856350453497842,30786104116,instagram,2021-02-12 08:59:22,0,Hate the GOP!!!!
400,18130364707165660,5660800571,instagram,2021-02-12 08:59:16,1,"15 Republican senators shamelessly left the trial hearings. Disqualify them. That leaves 85. Two thirds of 85 is 56. 

Convict with 56 votes. 

The accomplices should have recused themselves or been disqualified anyway."
401,17847955631518493,6483152741,instagram,2021-02-12 08:59:06,0,Sad but true
402,17904831265709481,2360198292,instagram,2021-02-12 08:56:41,0,those GOP fuckers are purposely destroying our democracy so that they can be in power forever
403,17892068173873832,2096360708,instagram,2021-02-12 08:56:27,1,This impeachment process needs to change to a jury trial... No Senators have a say...
404,17908779925636745,4000339474,instagram,2021-02-12 08:49:46,0,All true!
405,17904577750697252,44459931958,instagram,2021-02-12 08:32:52,0,GOP in a nutshell. Keyword: Nut. As in they are nuts if they look the other way! Stop towing the party line and do what is right. #hesguiltyaf
406,17856392519465086,44456653335,instagram,2021-02-12 08:31:59,0,So sad that republicans are a bunch of spineless as*****s!
407,17935529788450561,3242230172,instagram,2021-02-12 08:06:31,0,Truth Hurts! Sadly unless thereâ€™s  miracle - this will be the outcome.
408,17884738772044336,38553685492,instagram,2021-02-12 08:06:03,0,They are complicit
409,17880748418105057,3126921556,instagram,2021-02-12 07:54:35,0,@sensusancollins
410,17859131249400332,31244221452,instagram,2021-02-12 07:50:21,0,Total and complete COWARDS. The republicans are far past pathetic! They are traitors to their oaths and the country. Full Stop.
411,17902275004738732,1577224579,instagram,2021-02-12 07:49:57,0,So we gonna ignore Cori Bush promoting the St Louis prison riot?
412,17886859822996859,6784047066,instagram,2021-02-12 07:32:09,0,Absolutely true. And they are all guilty too for backing him up.
413,17978677189350409,1909126122,instagram,2021-02-12 07:12:00,0,Idiots! Imagine if a Democrat did this! I guess we must have more class
414,18073843549250049,39482833,instagram,2021-02-12 07:11:37,0,Feces was smeared on the walls inside the Capitol. How low can you go
415,17939687341453158,8932661,instagram,2021-02-12 06:48:41,0,@students4trump brainwashed kids
416,17860967552412037,13263277464,instagram,2021-02-12 06:44:24,0,"Yep, thatâ€™s it. They only care about getting re-elected."
417,17906663476668368,19072353,instagram,2021-02-12 06:37:21,1,It would be funny if only it werenâ€™t so deplorable
418,17999074126308009,258284235,instagram,2021-02-12 06:36:40,0,ğŸ˜®
419,18193822993058434,481176768,instagram,2021-02-12 06:35:20,0,That about covers it
420,18069852166261010,204195851,instagram,2021-02-12 06:35:16,0,#TheSwamp... is how you spell GOP.
421,18138127807144392,30044311,instagram,2021-02-12 06:33:38,0,Accurate.where is their God in all this despicable behavior?
422,18148941442122757,32659624874,instagram,2021-02-12 06:33:33,0,Sad but true...
423,17872064051259895,183788986,instagram,2021-02-12 06:30:56,0,Democrats said the same thing
424,17890990432894257,1496879580,instagram,2021-02-12 06:25:14,1,"This is not surprising, infuriating, but not surprising."
425,17867134916302828,37036380503,instagram,2021-02-12 06:24:25,0,"GOP.....Home of the Fascists. With free, Gold Standard healthcare. Twisted country."
426,17915279317582955,18659120385,instagram,2021-02-12 06:08:07,0,This is it in a nutshell.
427,17884700036028518,26348479,instagram,2021-02-12 05:55:39,1,@wefuckinghatedonaldtrump everyone vote in 2 yrs.  congress senate up.  Letâ€™s get rid of these evil evil bottom feeders for good!!! #volunteer #donate @thedemocrats
428,17912747068578368,16397040040,instagram,2021-02-12 05:31:19,0,My god how is this the case ğŸ˜¤
429,17873584169223131,258103984,instagram,2021-02-12 05:19:34,0,ğŸ¤¦ğŸ»â€â™€ï¸
430,18096289645218962,32178619220,instagram,2021-02-12 05:15:01,0,This is facts right here.
431,17868793598326599,22590321994,instagram,2021-02-12 05:08:50,1,F**ken ass*oles
432,17880181289115198,424272447,instagram,2021-02-12 05:04:10,1,Sad
433,17866738115307304,374249675,instagram,2021-02-12 05:03:35,0,Yup that sums it up
434,17859823934384567,45090889884,instagram,2021-02-12 05:01:00,0,"Two words, Time Mag"
435,17889567163943409,2271752225,instagram,2021-02-12 04:59:49,0,ğŸ¤¢ğŸ¤®ğŸ¤¢ğŸ¤®
436,17878791797129694,4088250083,instagram,2021-02-12 04:54:56,14,How can they sleep at night??
437,17860502789436716,6353795,instagram,2021-02-12 04:37:03,0,so sad ğŸ˜
438,17933652778474998,1046215546,instagram,2021-02-12 04:36:17,0,The expected result
439,17874887276194211,500743456,instagram,2021-02-12 04:35:54,3,They are not cowards...Republicans are complacent and all about it!
440,17946078688415141,32440893,instagram,2021-02-12 04:35:27,0,Unfortunately that is so true
441,17900896000750580,7489251120,instagram,2021-02-12 04:25:37,0,Hope will regret this one!!!
442,17982785008337008,4513733046,instagram,2021-02-12 04:23:15,0,On point!!! Sad!
443,18095660680220319,196190042,instagram,2021-02-12 04:22:29,9,The sign that the GOP is rotten from the core out. It has no plans to govern in the best interests of all.
444,17905168858690784,3062579497,instagram,2021-02-12 04:22:04,0,@senategop @gop is no longer a party. ğŸ˜  #traitors
445,17975393407357405,535210619,instagram,2021-02-12 04:21:35,0,THAT
446,18029270683294525,52688551,instagram,2021-02-12 04:14:51,0,Sad truth
447,17953283731405337,358456191,instagram,2021-02-12 04:06:35,0,Yep. Pretty much. ğŸ˜’
448,17884519895034739,7819995695,instagram,2021-02-12 04:01:17,29,"I have always wanted to tour the Capital.  Today I feel different. It has been violated by people who have no respect for any American  decency.  Their behavior, their attire and language is an embarrassment to the country.  The world is taking us to task.  If I ever visit our Capital I will wear clothes that shows respect.  I will conduct myself in a manner of respect."
449,18183211204068506,16233603,instagram,2021-02-12 03:59:25,0,ğŸ’¯
450,17870755193219920,455308929,instagram,2021-02-12 03:59:07,0,@mcconnellpress @senjoniernst @senatorhawley @sentedcruz @senronjohnson @senjohnthune @sentedcruz @sensusancollins @senatortimscott @senategop  Do The Right Thing !!!!!!
451,17884710854032072,1520518188,instagram,2021-02-12 03:58:23,0,Sad truth ğŸ˜­
452,18195020734018919,7977946842,instagram,2021-02-12 03:54:08,7,To think the @gop at one point was at least a bleh political party. But now theyâ€™re 100 pure trash.
453,18137507941158531,5323262600,instagram,2021-02-12 03:53:04,46,You want a guaranteed vote from all parties to impeach?  Have Hillary Clinton read word for word the speech he gave right before the insurrection.
454,17868258464275814,1028088839,instagram,2021-02-12 03:51:41,0,@albertamezzacapo
455,17894003287893411,2160126018,instagram,2021-02-12 03:47:38,10,Where is integrity in 2021 fr tho
456,18161661643097798,45863275272,instagram,2021-02-12 03:44:51,0,Why does every leftist meme suck?
457,17904096235696913,528721366,instagram,2021-02-12 03:44:27,4,FORMER*****
458,18155204515112583,1076503546,instagram,2021-02-12 03:44:08,4,damn cowards!!
459,17897246461828652,185335301,instagram,2021-02-12 03:41:51,3,Exactly
460,17924989480517193,44768717306,instagram,2021-02-12 03:37:54,54,Trumpism is Fascism
461,18159116575100707,2114282227,instagram,2021-02-12 03:37:50,94,Cant even laugh at that truth man. It's sad those a** kissers cant stand up for what's right.
462,17860134905469740,1067113912,instagram,2021-02-12 03:37:49,2,"As much as I want him to be guilty, they are gonna argue with the Brandenburg test. Even if that falls through the chances of a 2/3 majority are slim bc republicans suck"
463,17873641382172306,1960663776,instagram,2021-02-12 03:37:31,3,Pretty much
464,17870621441222530,233671722,instagram,2021-02-12 03:37:15,51,11 QOP senators left while the impeachment managers were presenting
465,18157604584108895,10353017226,instagram,2021-02-12 03:36:54,8,Pretty much their argument ğŸ˜‚
466,17904119764694067,184859062,instagram,2021-02-12 03:36:53,5,YUP
467,17906395027633245,31330813191,instagram,2021-02-12 03:36:53,10,WHY ARE THEY LIKE THIS
468,17960093614381331,11231348569,instagram,2021-02-12 03:35:26,0,BAAAHHAHAHA!
469,17904287911681262,2425455513,instagram,2021-02-12 06:50:57,1,ğŸ’€
470,17929289107491050,21774626655,instagram,2021-02-12 05:59:25,0,This is literally Candace Owen making fun of AOC.
471,17948465932422779,37735423346,instagram,2021-02-14 13:13:46,0,#impeachtrump #gorillagluegirl #senate #covid #vaccine
472,17875301363138745,6773652583,instagram,2021-02-13 05:07:51,1,ğŸ’—ğŸ’—ğŸ’—ğŸ’—ğŸ’—
