,comment_id,user_id,platform,date_time,likes_count,comment,comment_no_emoji,comment_processed
0,17966998288364376,33597388,instagram,2021-02-13 22:54:15,0,Yeah all the black people attacking and murdering Hasidic Jews needs to stop. Blacks can  be racists too. In fact growing up Jewish in Brooklyn the only racism I experienced was by black people.,Yeah all the black people attacking and murdering Hasidic Jews needs to stop. Blacks can  be racists too. In fact growing up Jewish in Brooklyn the only racism I experienced was by black people.,"['yeah', 'black', 'people', 'attacking', 'murdering', 'hasidic', 'jews', 'needs', 'stop', 'blacks', 'racists', 'fact', 'growing', 'jewish', 'brooklyn', 'racism', 'experienced', 'black', 'people']"
1,17885746028017595,2299592476,instagram,2021-02-13 09:13:03,0,Are you referring to what is happening on the NYC subway?,Are you referring to what is happening on the NYC subway?,"['referring', 'happening', 'nyc', 'subway']"
2,17842696493521935,1651100777,instagram,2021-01-22 12:51:37,0,ğŸ™Œ,,[]
3,18138103390087013,4147796433,instagram,2021-01-21 06:42:10,1,@debbyanmcfarlane,,[]
4,17914123522572768,41693285374,instagram,2021-01-19 20:39:03,0,"I have a proposal for you, talk me to privately ğŸ“¥ğŸ“¥ğŸ“¥","I have a proposal for you, talk me to privately ","['proposal', 'talk', 'privately']"
5,18144843493124848,9032964835,instagram,2021-01-16 12:20:32,0,Is it?,Is it?,[]
6,17871945506148143,2061711886,instagram,2021-01-12 11:37:17,0,The hooodie ğŸ”¥ğŸ”¥ğŸ”¥ğŸ”¥ğŸ”¥ğŸ˜ğŸ˜ğŸ˜ğŸ˜ğŸ˜ğŸ˜ğŸ˜,The hooodie ,['hooodie']
7,17857945781402408,4028120102,instagram,2021-01-09 17:27:27,0,#tuckfrump,,[]
8,17874330830149141,30988121,instagram,2021-01-09 15:35:12,0,ğŸ’•ğŸ™Œ,,[]
9,17884671289904140,394056490,instagram,2021-01-09 12:43:53,0,Love this hoodie ğŸ˜,Love this hoodie ,"['love', 'hoodie']"
10,17856299921459116,12982488836,instagram,2021-01-09 10:31:02,1,â¤ï¸ğŸ™ğŸ™,,[]
11,17904102124655856,497787366,instagram,2021-01-09 08:10:35,0,I will stand up and speak up! Racism must end. We must learn to love each other.ğŸ’™ğŸ’™ğŸ’™ğŸ’™,I will stand up and speak up! Racism must end. We must learn to love each other.,"['stand', 'speak', 'racism', 'must', 'end', 'must', 'learn', 'love']"
12,17916850288543279,288186439,instagram,2021-01-09 06:43:44,0,"It gives me anger, sadness and frustration but I'll never give up! I do what I can do with the tiny power I have... I believe in repetition. We need to repeat information over and over again to brainwash people's brains the other way around. Schools, parents, media can do a lot with this narrative. My daughter and her friends is even better then me! I think something is happening with the new generations! ğŸ™ğŸ»â¤","It gives me anger, sadness and frustration but I'll never give up! I do what I can do with the tiny power I have... I believe in repetition. We need to repeat information over and over again to brainwash people's brains the other way around. Schools, parents, media can do a lot with this narrative. My daughter and her friends is even better then me! I think something is happening with the new generations! ","['gives', 'anger', 'sadness', 'frustration', 'never', 'give', 'tiny', 'power', 'believe', 'repetition', 'need', 'repeat', 'information', 'brainwash', 'people', 'brains', 'way', 'around', 'schools', 'parents', 'media', 'lot', 'narrative', 'daughter', 'friends', 'even', 'better', 'think', 'something', 'happening', 'new', 'generations']"
13,17891360419874496,288186439,instagram,2021-01-09 06:39:29,0,I need that hoodie! â¤ï¸,I need that hoodie! ,"['need', 'hoodie']"
14,18188174896010755,370767124,instagram,2021-01-09 06:02:41,0,ANY color does,ANY color does,['color']
15,17847124100508409,2214674667,instagram,2021-01-09 02:48:36,1,âœŠğŸ½,,[]
16,17881915091013317,2214674667,instagram,2021-01-09 02:48:30,1,ğŸ–¤,,[]
17,17891155906867353,2214674667,instagram,2021-01-09 02:48:14,1,FACTS are FACTS ğŸ’¯,FACTS are FACTS ,"['facts', 'facts']"
18,17867650004305464,325137840,instagram,2021-01-09 02:11:26,0,ğŸ™ğŸ¾ğŸ™ğŸ¾ğŸ™ğŸ¾ğŸ™ğŸ¾ğŸ™ŒğŸ¾ğŸ™ŒğŸ¾ğŸ™ŒğŸ¾ğŸ¤ğŸ¾ğŸ¤ğŸ¾ğŸ¤ğŸ¾ğŸ¤ğŸ¾ğŸ’”ğŸ’”ğŸ’” it's Disheartening and worrisome when you have to worry about your children especially a son. #WETHEPEOPLE ğŸ¤”ğŸ¤”ğŸ¤”ğŸ¤”ğŸ¤” âœŠğŸ¾âœŠğŸ¾âœŠğŸ¾âœŠğŸ¾âœŠğŸ¾âœŠğŸ¾âœŠğŸ¾,ğŸ¤ğŸ¤ğŸ¤ğŸ¤ it's Disheartening and worrisome when you have to worry about your children especially a son.  ğŸ¤”ğŸ¤”ğŸ¤”ğŸ¤”ğŸ¤” ,"['disheartening', 'worrisome', 'worry', 'children', 'especially', 'son']"
19,17878264700098898,15140665,instagram,2021-01-08 23:21:23,0,ğŸ’¯,,[]
20,18101540875204305,8014625963,instagram,2021-01-08 23:04:56,0,"I'm lost for words never ever in my lifetime ever imagined I would see this kinda behavior in the United states of America, but I'll give kudos to some movie directors they warned us","I'm lost for words never ever in my lifetime ever imagined I would see this kinda behavior in the United states of America, but I'll give kudos to some movie directors they warned us","['lost', 'words', 'never', 'ever', 'lifetime', 'ever', 'imagined', 'would', 'see', 'kinda', 'behavior', 'united', 'states', 'america', 'give', 'kudos', 'movie', 'directors', 'warned', 'us']"
21,17869606202237282,1036871,instagram,2021-01-08 21:28:07,0,â¤ï¸â¤ï¸â¤ï¸,,[]
22,18142728511188745,235401110,instagram,2021-01-08 21:06:54,0,Yes,Yes,['yes']
23,17932222063453604,3179845557,instagram,2021-01-08 20:56:09,0,âœŠğŸ»âœŠğŸ½âœŠğŸ¿,,[]
24,18169278889073326,3027942087,instagram,2021-01-08 17:19:33,0,"Iâ€™m in Australia, but have family in Chanhassen (I donâ€™t know what itâ€™s like, there...). The news footage and disruptions look terrifying. I cry, almost every time I see suffering, and injustice or lack of it. Iâ€™m still confused about how easily the trumpets got into the big house.  What will I do?  Encourage critical reading and thinking.  Too many people donâ€™t read or think enough. Itâ€™s heartbreaking that knee jerk reactions based on false snippets of â€˜informationâ€™ are considered valid, instead of real life fact and consequence.  Be the light!!! ğŸŒŸ","Iâ€™m in Australia, but have family in Chanhassen (I donâ€™t know what itâ€™s like, there...). The news footage and disruptions look terrifying. I cry, almost every time I see suffering, and injustice or lack of it. Iâ€™m still confused about how easily the trumpets got into the big house.  What will I do?  Encourage critical reading and thinking.  Too many people donâ€™t read or think enough. Itâ€™s heartbreaking that knee jerk reactions based on false snippets of â€˜informationâ€™ are considered valid, instead of real life fact and consequence.  Be the light!!! ","['australia', 'family', 'chanhassen', 'know', 'like', 'news', 'footage', 'disruptions', 'look', 'terrifying', 'cry', 'almost', 'every', 'time', 'see', 'suffering', 'injustice', 'lack', 'still', 'confused', 'easily', 'trumpets', 'got', 'big', 'house', 'encourage', 'critical', 'reading', 'thinking', 'many', 'people', 'read', 'think', 'enough', 'heartbreaking', 'knee', 'jerk', 'reactions', 'based', 'false', 'snippets', 'information', 'considered', 'valid', 'instead', 'real', 'life', 'fact', 'consequence', 'light']"
25,18186020854025451,3027942087,instagram,2021-01-08 17:15:08,0,Damn right!!! ğŸŒŸ,Damn right!!! ,"['damn', 'right']"
26,17878332149084696,1496426637,instagram,2021-01-08 15:15:49,0,Anyone wants followers or likes for your Instagram page? DM meğŸ“²ğŸ“²,Anyone wants followers or likes for your Instagram page? DM me,"['anyone', 'wants', 'followers', 'likes', 'instagram', 'page', 'dm']"
27,18140868634191689,31285269136,instagram,2021-01-08 12:58:52,0,"Preach, brother.","Preach, brother.","['preach', 'brother']"
28,17868248966286939,31285269136,instagram,2021-01-08 12:58:35,0,ğŸ™ŒğŸ™ŒğŸ™Œ,,[]
29,17874992927130151,2027435827,instagram,2021-01-08 12:58:33,1,Persist unwaveringly.,Persist unwaveringly.,"['persist', 'unwaveringly']"
30,17872891358176645,273246968,instagram,2021-01-08 12:23:36,0,Definitely need this hoodie,Definitely need this hoodie,"['definitely', 'need', 'hoodie']"
31,18043584076285940,188567491,instagram,2021-01-08 12:13:54,3,"As a future school counselor, I will implement anti-racism lessons in my group/individual counseling sessions with students. I will continue to have faith that I can make an impact on the lives of our youth. Beginning with fostering love and empathy for others.","As a future school counselor, I will implement anti-racism lessons in my group/individual counseling sessions with students. I will continue to have faith that I can make an impact on the lives of our youth. Beginning with fostering love and empathy for others.","['future', 'school', 'counselor', 'implement', 'lessons', 'counseling', 'sessions', 'students', 'continue', 'faith', 'make', 'impact', 'lives', 'youth', 'beginning', 'fostering', 'love', 'empathy', 'others']"
32,17924737519498238,44950344,instagram,2021-01-08 12:10:34,0,"So sorry ğŸ™ Heart is confused and heavy and angry. Working hard to educate my friends and family, especially those with young children. Praying that the next up and coming generation is different ğŸ¤","So sorry  Heart is confused and heavy and angry. Working hard to educate my friends and family, especially those with young children. Praying that the next up and coming generation is different ğŸ¤","['sorry', 'heart', 'confused', 'heavy', 'angry', 'working', 'hard', 'educate', 'friends', 'family', 'especially', 'young', 'children', 'praying', 'next', 'coming', 'generation', 'different']"
33,17904873364649246,52731082,instagram,2021-01-08 11:58:02,0,ğŸ™ŒğŸ¼ğŸ™ŒğŸ¼,,[]
34,17974252357350166,461356770,instagram,2021-01-08 10:10:40,0,âœŠğŸ¾âœŠğŸ¾âœŠğŸ¾âœŠğŸ¾,,[]
35,17892792139808028,197575650,instagram,2021-01-08 10:08:03,0,ğŸ™ğŸ¼ğŸ™ğŸ¼ğŸ™ŒğŸ»,,[]
36,17968946128362334,255818433,instagram,2021-01-08 09:57:38,0,ğŸ’¯ğŸ’¯ğŸ’¯ğŸ’¯ğŸ’¯ğŸ’¯,,[]
37,17901746740711567,8736913187,instagram,2021-01-08 09:26:47,0,Did you make your shirt?,Did you make your shirt?,"['make', 'shirt']"
38,17901207010725271,33291501649,instagram,2021-01-08 09:04:05,0,â¤ï¸ğŸ™ğŸ”¥ğŸ‘ŒğŸ’¯ğŸ™Œ,,[]
39,17910651820592237,680943602,instagram,2021-01-08 08:34:19,0,Amen! Racism is lame!!,Amen! Racism is lame!!,"['amen', 'racism', 'lame']"
40,17883023266952700,38084151,instagram,2021-01-08 08:13:31,0,"I wish all humans would be treated equally - with respect, dignity, & kindness. â¤ï¸ Pains me that not everyone has that viewpoint ğŸ˜","I wish all humans would be treated equally - with respect, dignity, & kindness.  Pains me that not everyone has that viewpoint ","['wish', 'humans', 'would', 'treated', 'equally', 'respect', 'dignity', 'kindness', 'pains', 'everyone', 'viewpoint']"
41,17889354619856696,421851891,instagram,2021-01-08 08:12:37,1,My heart is in pain and my stomach is nauseous,My heart is in pain and my stomach is nauseous,"['heart', 'pain', 'stomach', 'nauseous']"
42,17878073939078672,296582435,instagram,2021-01-08 08:03:26,0,ğŸ™ŒğŸ¾,,[]
43,18091877443222198,1663379248,instagram,2021-01-08 07:59:25,0,"Iâ€™m on my reps today, demanding impeachment.","Iâ€™m on my reps today, demanding impeachment.","['reps', 'today', 'demanding']"
44,17911014517590053,4824163432,instagram,2021-01-08 07:58:57,0,Time for change!,Time for change!,"['time', 'change']"
45,18135252577088121,7273664269,instagram,2021-01-08 07:55:48,2,We are consistently reminded of the gross hypocrisy and racism in this country & world! Peace & love âœŠğŸ¿âœŠâœŠğŸ»âœŠğŸ¾#racismislame,We are consistently reminded of the gross hypocrisy and racism in this country & world! Peace & love ,"['consistently', 'reminded', 'gross', 'hypocrisy', 'racism', 'country', 'world', 'peace', 'love']"
46,17947318363411686,8995444709,instagram,2021-01-08 07:55:36,0,That last questionğŸ”¥,That last question,"['last', 'question']"
47,18137487277192796,2283905680,instagram,2021-01-08 07:54:59,2,"It hurts my heart to see racism ruin lives,but what we can do about it is not be part of it.","It hurts my heart to see racism ruin lives,but what we can do about it is not be part of it.","['hurts', 'heart', 'see', 'racism', 'ruin', 'lives', 'part']"
48,17884321756980844,195416010,instagram,2021-01-08 07:47:05,2,Lame AF!,Lame AF!,"['lame', 'af']"
49,18131892682148019,10961158,instagram,2021-01-08 07:46:34,1,The. End. ğŸ™ğŸ¾ğŸ–¤,The. End. ,['end']
50,17862901553312519,36819730990,instagram,2021-01-08 07:46:00,0,My guy I love your  page keep shining ğŸ™ğŸ™,My guy I love your  page keep shining ,"['guy', 'love', 'page', 'keep', 'shining']"
51,17899560706731521,34985605,instagram,2021-01-08 07:43:34,1,âœŠğŸ¾,,[]
52,17981004460327523,263542732,instagram,2021-01-08 07:35:43,0,âœŠğŸ½ğŸ’¯,,[]
53,17985671359322397,610979167,instagram,2021-01-08 07:35:12,1,Amen!,Amen!,['amen']
54,17879714768067407,19376646,instagram,2021-01-08 07:32:29,0,My guy ğŸ’ªğŸ¾,My guy ,['guy']
55,17888947393887254,2967270667,instagram,2021-01-21 00:07:32,0,And neither had a lick of facts....,And neither had a lick of facts....,"['neither', 'lick', 'facts']"
56,18188635465059813,1585434015,instagram,2021-01-19 08:02:40,3,"BLM and Antifa wasnâ€™t an insurrection??? Buildings burned down including a police station and a court house, 25 ppl were killed during the summer riotsğŸ¤ª","BLM and Antifa wasnâ€™t an insurrection??? Buildings burned down including a police station and a court house, 25 ppl were killed during the summer riotsğŸ¤ª","['blm', 'antifa', 'insurrection', 'buildings', 'burned', 'including', 'police', 'station', 'court', 'house', 'ppl', 'killed', 'summer']"
57,17982111259332325,175960286,instagram,2021-01-16 01:21:01,0,"ğŸ¤£ğŸ¤£ ""you about!"" #loseyourjob","ğŸ¤£ğŸ¤£ ""you about!"" ",[]
58,17869459361246817,20335124,instagram,2021-01-15 22:13:44,0,ğŸ˜‚,,[]
59,17881768922052929,3665181367,instagram,2021-01-15 13:44:41,1,He ain't dancing anymore! ğŸ˜­ğŸ˜­ğŸ˜­ğŸ˜­,He ain't dancing anymore! ,"['ai', 'dancing', 'anymore']"
60,17896051858814958,45077493046,instagram,2021-01-15 09:34:43,0,"Am not testifying this to make u jealous but to encourage you that everyone are not fraud.
Just two months that I have been in touch with Mr Hafizah.  I can say that he is the God sent to take me to my destiny.
Sure,, he is willing to help you recovered your lose. @hafizah_trader","Am not testifying this to make u jealous but to encourage you that everyone are not fraud.
Just two months that I have been in touch with Mr Hafizah.  I can say that he is the God sent to take me to my destiny.
Sure,, he is willing to help you recovered your lose. ","['testifying', 'make', 'u', 'jealous', 'encourage', 'everyone', 'fraud', 'two', 'months', 'touch', 'mr', 'hafizah', 'say', 'god', 'sent', 'take', 'destiny', 'sure', 'willing', 'help', 'recovered', 'lose']"
61,17894074732786823,6979892091,instagram,2021-01-15 07:44:15,0,â€œWE DID IT JOE â€œğŸ˜‚ğŸ˜‚,â€œWE DID IT JOE â€œ,['joe']
62,18189684490025731,184164803,instagram,2021-01-15 07:31:53,0,@mckeehan_89,,[]
63,17868645464253082,18149515454,instagram,2021-01-15 07:20:51,0,I never knew I will be able to pay off my bills and get to my stand again in life...I want you guys to help appreciate @jburtonfx_,I never knew I will be able to pay off my bills and get to my stand again in life...I want you guys to help appreciate ,"['never', 'knew', 'able', 'pay', 'bills', 'get', 'stand', 'life', 'want', 'guys', 'help', 'appreciate']"
64,17922962203502496,45419937201,instagram,2021-01-15 06:13:52,0,You are the best thing that happened to me during this pandemic wave @jburtonfx_ . Thank you for earning me these profits,You are the best thing that happened to me during this pandemic wave  . Thank you for earning me these profits,"['best', 'thing', 'happened', 'pandemic', 'wave', 'thank', 'earning', 'profits']"
65,17976827374342551,173917839,instagram,2021-01-15 04:06:55,0,And he canâ€™t even rage tweet about it. ğŸ˜‚,And he canâ€™t even rage tweet about it. ,"['even', 'rage', 'tweet']"
66,18053924446278545,1981894313,instagram,2021-01-15 03:56:12,1,Omg now I have YMCA stuck in my head lolğŸ˜‚ğŸ˜‚ğŸ˜‚,Omg now I have YMCA stuck in my head lol,"['omg', 'ymca', 'stuck', 'head', 'lol']"
67,17868657722259374,5703743325,instagram,2021-01-15 03:47:46,0,Do you think my username is racist,Do you think my username is racist,"['think', 'username', 'racist']"
68,18152890789128888,234184969,instagram,2021-01-15 02:13:09,1,His face his hands ğŸ˜­ğŸ¤£ *chefâ€™s kiss*,His face his hands ğŸ¤£ *chefâ€™s kiss*,"['face', 'hands', 'chef', 'kiss']"
69,17909392756598686,9944770002,instagram,2021-01-14 23:39:34,0,â€œIn 2020 this greog flodyd guy deid and amrica went into the civel whar 2â€,â€œIn 2020 this greog flodyd guy deid and amrica went into the civel whar 2â€,"['greog', 'flodyd', 'guy', 'deid', 'amrica', 'went', 'civel', 'whar']"
70,18047834686281637,387337229,instagram,2021-01-14 23:33:11,0,ğŸ‘ğŸ‘ğŸ‘ğŸ‘ğŸ‘ğŸ‘,,[]
71,18185531575053490,5273941807,instagram,2021-01-14 22:39:51,0,Caption ğŸ˜‚,Caption ,['caption']
72,17895221452825186,11841670,instagram,2021-01-14 21:10:59,1,Haha the orange face ğŸ˜‚,Haha the orange face ,"['haha', 'orange', 'face']"
73,18086809987242362,1804420095,instagram,2021-01-14 21:09:56,0,ğŸ¤£ğŸ¤£ğŸ¤£,ğŸ¤£ğŸ¤£ğŸ¤£,[]
74,17872364543142109,2205484813,instagram,2021-01-14 20:28:01,3,This is great ğŸ¤£ğŸ¤£ğŸ¤£,This is great ğŸ¤£ğŸ¤£ğŸ¤£,['great']
75,18184903066033539,240964234,instagram,2021-01-14 15:13:58,2,"What you should be asking is how come the impeachment and the 20,000 page domestic terrorism bill was readied in a week, but it took 5 months for stimulus to get pushed through, and how come the $2,000 was overruled with a bipartisan majority where more Republicans than Democrats voted to keep the sum as suggested.","What you should be asking is how come the impeachment and the 20,000 page domestic terrorism bill was readied in a week, but it took 5 months for stimulus to get pushed through, and how come the $2,000 was overruled with a bipartisan majority where more Republicans than Democrats voted to keep the sum as suggested.","['asking', 'come', 'page', 'domestic', 'terrorism', 'bill', 'readied', 'week', 'took', 'months', 'stimulus', 'get', 'pushed', 'come', 'overruled', 'bipartisan', 'majority', 'republicans', 'democrats', 'voted', 'keep', 'sum', 'suggested']"
76,17896697392771635,12543754,instagram,2021-01-14 14:59:29,3,omg HIS HANDS AHHHHH,omg HIS HANDS AHHHHH,"['omg', 'hands', 'ahhhhh']"
77,17903152012670971,26909881,instagram,2021-01-14 14:41:26,0,Lolololol!ğŸ¤£,Lolololol!ğŸ¤£,['lolololol']
78,17950633540404614,3527542697,instagram,2021-01-14 13:49:32,2,I swear your art is keeping me sane.  Thank you so much for creating it.,I swear your art is keeping me sane.  Thank you so much for creating it.,"['swear', 'art', 'keeping', 'sane', 'thank', 'much', 'creating']"
79,17883831490996049,8404076207,instagram,2021-01-14 12:59:02,0,ğŸ˜‚ğŸ˜‚ğŸ˜‚,,[]
80,18143006545138031,32219134659,instagram,2021-01-14 12:24:25,43,THE HANDS AS FACE COLOR DIFFERENCE IM WHEEZINGGGG,THE HANDS AS FACE COLOR DIFFERENCE IM WHEEZINGGGG,"['hands', 'face', 'color', 'difference', 'im', 'wheezingggg']"
81,17872411658139205,45091722083,instagram,2021-01-14 12:13:06,0,ğŸ˜‚ğŸ˜‚,,[]
82,17916634774558593,3079657,instagram,2021-01-14 12:07:24,1,ğŸ˜‚ğŸ˜‚ğŸ˜‚ğŸ˜‚,,[]
83,17952304189404010,224857294,instagram,2021-01-14 12:05:29,9,The hand vs the face color has me cracking up ğŸ˜‚,The hand vs the face color has me cracking up ,"['hand', 'vs', 'face', 'color', 'cracking']"
84,17861392883348873,12680008,instagram,2021-01-14 11:58:47,3,UGH that fucking dance (you nailed it),UGH that fucking dance (you nailed it),"['ugh', 'fucking', 'dance', 'nailed']"
85,17926229788492566,2376381586,instagram,2021-01-14 11:55:11,1,The caption here is everything ğŸ¤£ğŸ˜‚,The caption here is everything ğŸ¤£,"['caption', 'everything']"
86,17881276694046833,7234849891,instagram,2021-01-14 11:53:08,7,This caption tho ğŸ”¥ğŸ”¥ğŸ”¥ğŸ”¥ğŸ”¥,This caption tho ,"['caption', 'tho']"
87,18046331581302761,506083328,instagram,2021-01-14 11:51:14,4,So happy he was Impeached again! ğŸ™ŒğŸ‘ğŸ‘ğŸ‘ğŸ™Œ,So happy he was Impeached again! ,"['happy', 'impeached']"
88,17910829183603114,1441635010,instagram,2021-01-14 11:50:36,22,I just chuckled! You got his â€œdance movesâ€ perfectly! ğŸ˜†,I just chuckled! You got his â€œdance movesâ€ perfectly! ,"['chuckled', 'got', 'dance', 'moves', 'perfectly']"
89,18187609672018070,214373262,instagram,2021-01-14 11:49:02,12,Bye bye trump!!!!,Bye bye trump!!!!,"['bye', 'bye']"
90,17868771743203220,1596307986,instagram,2021-01-14 11:46:27,0,So much winning!,So much winning!,"['much', 'winning']"
91,17932523824478553,32583073838,instagram,2021-02-13 07:53:44,0,"Is that the dude that was doing some satanic rituals, was asked about it and got upset?","Is that the dude that was doing some satanic rituals, was asked about it and got upset?","['dude', 'satanic', 'rituals', 'asked', 'got', 'upset']"
92,17858582192478780,266081836,instagram,2021-01-26 13:59:06,1,Awesome!,Awesome!,['awesome']
93,17890970122856576,183135597,instagram,2021-01-26 10:25:33,1,Girrrrrrrllll!!,Girrrrrrrllll!!,['girrrrrrrllll']
94,18090164446229496,44409312829,instagram,2021-01-26 09:55:06,1,"Great job, we love this ğŸ™ŒğŸ”¥","Great job, we love this ","['great', 'job', 'love']"
95,17875204520110382,176404775,instagram,2021-01-28 18:14:29,2,Lol what a clown,Lol what a clown,"['lol', 'clown']"
96,17854844204463571,198580593,instagram,2021-01-28 03:29:43,3,ğŸ¤®,ğŸ¤®,[]
97,17885004262950636,1525261275,instagram,2021-01-27 21:34:25,1,Wow,Wow,['wow']
98,17906758138644287,1920573218,instagram,2021-01-27 13:17:47,3,Ya kidding right?,Ya kidding right?,"['ya', 'kidding', 'right']"
99,17874003155135917,38702888542,instagram,2021-01-27 06:16:37,3,Perfect,Perfect,['perfect']
100,18089389963237471,400079524,instagram,2021-01-27 04:30:38,3,He wishes she looked at him like that. Beautiful piece of art Butah â˜ºï¸,He wishes she looked at him like that. Beautiful piece of art Butah ,"['wishes', 'looked', 'like', 'beautiful', 'piece', 'art', 'butah']"
101,17905617343663903,4838122640,instagram,2021-02-17 05:03:06,0,Itâ€™s because the media isnâ€™t as biased against the new guy.,Itâ€™s because the media isnâ€™t as biased against the new guy.,"['media', 'biased', 'new', 'guy']"
102,17951127220414864,3547848699,instagram,2021-02-16 22:10:50,0,F,F,['f']
103,17872347392308830,36246174248,instagram,2021-02-16 04:20:50,0,"You voted for a bigger criminal than the other guy?
â€¢
Bad move.","You voted for a bigger criminal than the other guy?
â€¢
Bad move.","['voted', 'bigger', 'criminal', 'guy', 'bad', 'move']"
104,17883143855072834,22488367858,instagram,2021-02-14 23:56:26,0,"I mean Biden has done much more damage in one month than trump did in 4 years, but ya get what ya voted for ig","I mean Biden has done much more damage in one month than trump did in 4 years, but ya get what ya voted for ig","['mean', 'biden', 'done', 'much', 'damage', 'one', 'month', 'years', 'ya', 'get', 'ya', 'voted', 'ig']"
105,17896189657853002,44850051497,instagram,2021-02-14 10:53:23,0,"""new""","""new""",['new']
106,17856888068453617,201633329,instagram,2021-02-14 00:19:55,0,Peas and carrots!,Peas and carrots!,"['peas', 'carrots']"
107,17845680269517988,2157975536,instagram,2021-02-13 10:06:47,1,Save the world. Vote for freedom. Vote right-wing. Vote Republican,Save the world. Vote for freedom. Vote right-wing. Vote Republican,"['save', 'world', 'vote', 'freedom', 'vote', 'vote', 'republican']"
108,17908837861641177,32583073838,instagram,2021-02-13 07:55:51,0,"Yea you do, cause your talking about him.","Yea you do, cause your talking about him.","['yea', 'cause', 'talking']"
109,17930104783471332,8354048163,instagram,2021-02-12 10:44:38,0,"@ohnoitsashen sounds like you don't know much about history. The Holodomor, or the Great Famine, took place in communist Ukraine."," sounds like you don't know much about history. The Holodomor, or the Great Famine, took place in communist Ukraine.","['sounds', 'like', 'know', 'much', 'history', 'holodomor', 'great', 'famine', 'took', 'place', 'communist', 'ukraine']"
110,17860380884437524,206438399,instagram,2021-02-12 05:14:21,0,This is what the media is wrestling with every day. The impeachment trial is their last  hope until the next.,This is what the media is wrestling with every day. The impeachment trial is their last  hope until the next.,"['media', 'wrestling', 'every', 'day', 'trial', 'last', 'hope', 'next']"
111,17860854917479848,8921724655,instagram,2021-02-12 02:11:17,0,People that comment don't represent everybody. The comic was lighthearted and is appreciated by most. â¤ï¸,People that comment don't represent everybody. The comic was lighthearted and is appreciated by most. ,"['people', 'comment', 'represent', 'everybody', 'comic', 'lighthearted', 'appreciated']"
112,17888198899976977,36838123,instagram,2021-02-12 00:22:19,0,"""... Nobody liked that""","""... Nobody liked that""","['nobody', 'liked']"
113,17871771584275140,339999300,instagram,2021-02-11 19:28:49,1,"This comic is pretty good. It tackles the Right's criticism of the bias of mainstream media and how they've made Trump into a caricature for entertainment and ratings. It also encapsulates the fact that most people were indeed entertained while he was on... Now that's he's gone, nobody actually gives a fuck now.","This comic is pretty good. It tackles the Right's criticism of the bias of mainstream media and how they've made Trump into a caricature for entertainment and ratings. It also encapsulates the fact that most people were indeed entertained while he was on... Now that's he's gone, nobody actually gives a fuck now.","['comic', 'pretty', 'good', 'tackles', 'right', 'criticism', 'bias', 'mainstream', 'media', 'made', 'caricature', 'entertainment', 'ratings', 'also', 'encapsulates', 'fact', 'people', 'indeed', 'entertained', 'gone', 'nobody', 'actually', 'gives', 'fuck']"
114,17928014293498587,4227254666,instagram,2021-02-11 18:26:20,0,We from other countries have far less to read about nowdays.,We from other countries have far less to read about nowdays.,"['countries', 'far', 'less', 'read', 'nowdays']"
115,17885592713012047,1390284568,instagram,2021-02-11 17:00:32,0,"Probably can spend all your time bragging about Joe Biden..... 

oh wait...

.... nevermind","Probably can spend all your time bragging about Joe Biden..... 

oh wait...

.... nevermind","['probably', 'spend', 'time', 'bragging', 'joe', 'biden', 'oh', 'wait', 'nevermind']"
116,18193723888037683,1649821886,instagram,2021-02-11 12:45:04,0,Not like your vote even mattered lmao,Not like your vote even mattered lmao,"['like', 'vote', 'even', 'mattered', 'lmao']"
117,17925630511511235,557369843,instagram,2021-02-11 12:29:08,0,Boring news is amazing!  I'm so tired up for boring politics!  Yeahhh!,Boring news is amazing!  I'm so tired up for boring politics!  Yeahhh!,"['boring', 'news', 'amazing', 'tired', 'boring', 'politics', 'yeahhh']"
118,17895449785858179,44489554400,instagram,2021-02-11 10:32:55,0,You actually do or you wouldnâ€™t still be making comics about it,You actually do or you wouldnâ€™t still be making comics about it,"['actually', 'still', 'making', 'comics']"
119,17912637163606064,253873994,instagram,2021-02-11 10:08:47,0,Looks like heâ€™s living rent free ğŸ¤£,Looks like heâ€™s living rent free ğŸ¤£,"['looks', 'like', 'living', 'rent', 'free']"
120,18099894346208188,359516297,instagram,2021-02-11 07:37:26,0,"If its not as gripping ur not paying attention... biden issued a 31 pipeline project permits, will not release the kids from cages, hasnt halted deportations... other than joining the paris accords how os he any different?","If its not as gripping ur not paying attention... biden issued a 31 pipeline project permits, will not release the kids from cages, hasnt halted deportations... other than joining the paris accords how os he any different?","['gripping', 'ur', 'paying', 'attention', 'biden', 'issued', 'pipeline', 'project', 'permits', 'release', 'kids', 'cages', 'hasnt', 'halted', 'deportations', 'joining', 'paris', 'accords', 'os', 'different']"
121,18193803886017488,10016041,instagram,2021-02-11 06:57:01,4,Holy hell these comments are wild. Americans are truly a different breed. ğŸ˜‚,Holy hell these comments are wild. Americans are truly a different breed. ,"['holy', 'hell', 'comments', 'wild', 'americans', 'truly', 'different', 'breed']"
122,17874796223148833,51233776,instagram,2021-02-11 06:41:32,1,"The news isnâ€™t as riveting because they stopped reporting on anything substantial, not because thereâ€™s no longer substantial news to report on. #mediabias","The news isnâ€™t as riveting because they stopped reporting on anything substantial, not because thereâ€™s no longer substantial news to report on. ","['news', 'riveting', 'stopped', 'reporting', 'anything', 'substantial', 'longer', 'substantial', 'news', 'report']"
123,17917498234549128,16298112,instagram,2021-02-11 06:38:30,0,"â€œNo. No, man. Shit, no, man. I believe you'd get your ass kicked sayin' something like that.â€","â€œNo. No, man. Shit, no, man. I believe you'd get your ass kicked sayin' something like that.â€","['man', 'shit', 'man', 'believe', 'get', 'ass', 'kicked', 'sayin', 'something', 'like']"
124,18058156498279627,53754808,instagram,2021-02-11 06:28:47,3,Imagine being offend by a comic or someoneâ€™s differing opinion.,Imagine being offend by a comic or someoneâ€™s differing opinion.,"['imagine', 'offend', 'comic', 'someone', 'differing', 'opinion']"
125,17844135161528388,4361598212,instagram,2021-02-11 05:58:29,0,"Things haven't improved, what are you on about? New guy signing to open 32 new oil drills isn't good news and children are still in cages. What news are you reading?","Things haven't improved, what are you on about? New guy signing to open 32 new oil drills isn't good news and children are still in cages. What news are you reading?","['things', 'improved', 'new', 'guy', 'signing', 'open', 'new', 'oil', 'drills', 'good', 'news', 'children', 'still', 'cages', 'news', 'reading']"
126,17884596362031663,309054301,instagram,2021-02-11 05:53:47,4,"Biden sucks. Harris sucks. Commies suck. If you voted ""blue no matter who"" you suck too. Don't vote for socialism and complain that you and your kids are broke and starving. ğŸ˜˜","Biden sucks. Harris sucks. Commies suck. If you voted ""blue no matter who"" you suck too. Don't vote for socialism and complain that you and your kids are broke and starving. ","['biden', 'sucks', 'harris', 'sucks', 'commies', 'suck', 'voted', 'blue', 'matter', 'suck', 'vote', 'socialism', 'complain', 'kids', 'broke', 'starving']"
127,17881352396101360,5487608387,instagram,2021-02-11 05:51:58,1,LOL I love the arguments between Americans in this comment section. I saw both Trump and Biden as horrible leaders. But the more horrible they are the better it is. Why? Unstable USA means their economy became unstable as well and investors will left for other countries to invest their money and my country will benefit greatly from influx of new investors coming. Already happened in 2008 after housing crash in USA. Now hoping that that senile moron continue this downward trend ğŸ˜†ğŸ’²ğŸ’²ğŸ’²ğŸ˜†,LOL I love the arguments between Americans in this comment section. I saw both Trump and Biden as horrible leaders. But the more horrible they are the better it is. Why? Unstable USA means their economy became unstable as well and investors will left for other countries to invest their money and my country will benefit greatly from influx of new investors coming. Already happened in 2008 after housing crash in USA. Now hoping that that senile moron continue this downward trend ,"['lol', 'love', 'arguments', 'americans', 'comment', 'section', 'saw', 'biden', 'horrible', 'leaders', 'horrible', 'better', 'unstable', 'usa', 'means', 'economy', 'became', 'unstable', 'well', 'investors', 'left', 'countries', 'invest', 'money', 'country', 'benefit', 'greatly', 'influx', 'new', 'investors', 'coming', 'already', 'happened', 'housing', 'crash', 'usa', 'hoping', 'senile', 'moron', 'continue', 'downward', 'trend']"
128,17904182257693167,4244073121,instagram,2021-02-11 05:15:47,0,My balls itch,My balls itch,"['balls', 'itch']"
129,17925113716516924,1312929550,instagram,2021-02-11 04:50:53,1,"Yes! Let's enjoy the boring! So nice not to worry about WW3 every other day cause the baby lost his bottle or someone was ""mean"" to him.","Yes! Let's enjoy the boring! So nice not to worry about WW3 every other day cause the baby lost his bottle or someone was ""mean"" to him.","['yes', 'let', 'enjoy', 'boring', 'nice', 'worry', 'every', 'day', 'cause', 'baby', 'lost', 'bottle', 'someone', 'mean']"
130,17883664400064034,8397774915,instagram,2021-02-11 04:44:57,0,Based,Based,['based']
131,17910726769621513,8745600099,instagram,2021-02-11 04:40:49,16,Thanks for voting my insulin cost back up ğŸ™Œâ¤ï¸,Thanks for voting my insulin cost back up ,"['thanks', 'voting', 'insulin', 'cost', 'back']"
132,17940648262446487,191418963,instagram,2021-02-11 04:40:20,0,Fuck the other guy,Fuck the other guy,"['fuck', 'guy']"
133,17997581584309600,1067055063,instagram,2021-02-11 04:40:11,5,Lol this dude just wants to write a funny comic and make yall laugh but you wrote a whole paragraph instead,Lol this dude just wants to write a funny comic and make yall laugh but you wrote a whole paragraph instead,"['lol', 'dude', 'wants', 'write', 'funny', 'comic', 'make', 'yall', 'laugh', 'wrote', 'whole', 'paragraph', 'instead']"
134,17886889954993146,18399102807,instagram,2021-02-11 04:22:35,0,LOL,LOL,['lol']
135,17871188504198773,1403480905,instagram,2021-02-11 04:13:21,46,This cartoonist isn't a political expert with an enlightened perspective! I'm shocked and appalled!!!,This cartoonist isn't a political expert with an enlightened perspective! I'm shocked and appalled!!!,"['cartoonist', 'political', 'expert', 'enlightened', 'perspective', 'shocked', 'appalled']"
136,18145929910190478,315855899,instagram,2021-02-11 04:08:40,2,Great post and great responses to comments,Great post and great responses to comments,"['great', 'post', 'great', 'responses', 'comments']"
137,17955798304399079,8149107784,instagram,2021-02-11 03:46:27,7,cmon man. why did you have to bring politics into your posts. :/,cmon man. why did you have to bring politics into your posts. :/,"['cmon', 'man', 'bring', 'politics', 'posts']"
138,18183302458065912,1565720463,instagram,2021-02-11 03:46:19,1,"In Italy we say ""no news means good news""","In Italy we say ""no news means good news""","['italy', 'say', 'news', 'means', 'good', 'news']"
139,17870678750222126,9757509448,instagram,2021-02-11 03:36:18,2,Who the fuck are the people who support the old guy and why are they so annoying,Who the fuck are the people who support the old guy and why are they so annoying,"['fuck', 'people', 'support', 'old', 'guy', 'annoying']"
140,17888041123918858,1521621732,instagram,2021-02-11 03:31:14,8,I like your comics no matter what,I like your comics no matter what,"['like', 'comics', 'matter']"
141,18158413477107173,229692627,instagram,2021-02-11 03:08:55,8,"One guy, every time he opened his mouth sounded retarded, but his policies were very sensible. The new guy sounds very sensible when he talks, but all his policies so far are retarded.","One guy, every time he opened his mouth sounded retarded, but his policies were very sensible. The new guy sounds very sensible when he talks, but all his policies so far are retarded.","['one', 'guy', 'every', 'time', 'opened', 'mouth', 'sounded', 'retarded', 'policies', 'sensible', 'new', 'guy', 'sounds', 'sensible', 'talks', 'policies', 'far', 'retarded']"
142,17910759244622626,3016402652,instagram,2021-02-11 03:06:25,251,"ive come to a decision. in order to placate everyone, from now on each of my comics will be about everything, with all opinions expressed about all of it.","ive come to a decision. in order to placate everyone, from now on each of my comics will be about everything, with all opinions expressed about all of it.","['ive', 'come', 'decision', 'order', 'placate', 'everyone', 'comics', 'everything', 'opinions', 'expressed']"
143,17871926915255977,2051922252,instagram,2021-02-11 03:04:33,0,slave master A make me much happier than slave master B. at least that what the tv told me,slave master A make me much happier than slave master B. at least that what the tv told me,"['slave', 'master', 'make', 'much', 'happier', 'slave', 'master', 'least', 'tv', 'told']"
144,17992514473317654,3443350057,instagram,2021-02-11 02:59:30,5,"I definitely miss the last guy. White Obama is already mobilizing for new wars and he's trying to play off the prison camps he built as ""overflow areas"".","I definitely miss the last guy. White Obama is already mobilizing for new wars and he's trying to play off the prison camps he built as ""overflow areas"".","['definitely', 'miss', 'last', 'guy', 'white', 'obama', 'already', 'mobilizing', 'new', 'wars', 'trying', 'play', 'prison', 'camps', 'built', 'overflow', 'areas']"
145,17966350498374255,1549925884,instagram,2021-02-11 02:58:08,17,"Oh, a comic that can offend both sides. This is gonna be fun","Oh, a comic that can offend both sides. This is gonna be fun","['oh', 'comic', 'offend', 'sides', 'gon', 'na', 'fun']"
146,17860497578424227,4835703736,instagram,2021-02-11 02:57:30,16,Lol people in the comics fuckin pressed their wanna be dictator lost lmao,Lol people in the comics fuckin pressed their wanna be dictator lost lmao,"['lol', 'people', 'comics', 'fuckin', 'pressed', 'wan', 'na', 'dictator', 'lost', 'lmao']"
147,17914158739566579,263688846,instagram,2021-02-11 02:55:43,3,The news is hilarious. â€œOverflowing facilitiesâ€ ğŸ˜‚ oh now itâ€™s not kids in cages?! Amazing. How they scrub things. Not having as much fun but laughing still,The news is hilarious. â€œOverflowing facilitiesâ€  oh now itâ€™s not kids in cages?! Amazing. How they scrub things. Not having as much fun but laughing still,"['news', 'hilarious', 'overflowing', 'facilities', 'oh', 'kids', 'cages', 'amazing', 'scrub', 'things', 'much', 'fun', 'laughing', 'still']"
148,17860203674457170,6340221831,instagram,2021-02-11 02:44:54,0,Agreed!! Love your work! â¤ï¸,Agreed!! Love your work! ,"['agreed', 'love', 'work']"
149,17873015372240077,219715333,instagram,2021-02-11 02:35:24,20,"The ""new guy"" isn't really new. He's been a shit politician for 4 decades in washington.","The ""new guy"" isn't really new. He's been a shit politician for 4 decades in washington.","['new', 'guy', 'really', 'new', 'shit', 'politician', 'decades', 'washington']"
150,17923283644525563,2305456941,instagram,2021-02-11 02:31:49,1,I do,I do,[]
151,17897914993766882,1345153861,instagram,2021-02-11 02:30:38,5,It's the same everywhere. I thought you were talking about Argentina... Media is pure shit. ğŸ‘ğŸ¾,It's the same everywhere. I thought you were talking about Argentina... Media is pure shit. ,"['everywhere', 'thought', 'talking', 'argentina', 'media', 'pure', 'shit']"
152,17904865867709119,203396004,instagram,2021-02-11 02:30:10,1,@rgrace.2107 this just made me laugh, this just made me laugh,"['made', 'laugh']"
153,18065486146271509,4564396582,instagram,2021-02-11 02:29:21,78,"If the news isnâ€™t as gripping, it might be because you arenâ€™t listening to the right journalists. Biden has yet to remove the tax breaks 45 gave to the rich, even though he promised to do it on day 1. The Biden + Harris administration just deported 20 infants & children to Haiti, a nation whose president is refusing to leave office & his dictatorship is supported by the Biden Administration despite the resistance of the Haitian people. Biden still is lying about the 1 time stimulus payment he promised people & has changed the parameters & qualifications for the stimulus payment multiple times over the last ~ 23 days. THERE IS STILL PEOPLE FIGHTING FOR THEIR LIVES but letâ€™s make light of it & claim things arenâ€™t as interesting since mainstream liberal media has no problem not telling you about the Black & Brown people being drone bombed by the â€œlesser evilâ€ so many liberal whites claimed was a solution ğŸ™ƒ","If the news isnâ€™t as gripping, it might be because you arenâ€™t listening to the right journalists. Biden has yet to remove the tax breaks 45 gave to the rich, even though he promised to do it on day 1. The Biden + Harris administration just deported 20 infants & children to Haiti, a nation whose president is refusing to leave office & his dictatorship is supported by the Biden Administration despite the resistance of the Haitian people. Biden still is lying about the 1 time stimulus payment he promised people & has changed the parameters & qualifications for the stimulus payment multiple times over the last ~ 23 days. THERE IS STILL PEOPLE FIGHTING FOR THEIR LIVES but letâ€™s make light of it & claim things arenâ€™t as interesting since mainstream liberal media has no problem not telling you about the Black & Brown people being drone bombed by the â€œlesser evilâ€ so many liberal whites claimed was a solution ","['news', 'gripping', 'might', 'listening', 'right', 'journalists', 'biden', 'yet', 'remove', 'tax', 'breaks', 'gave', 'rich', 'even', 'though', 'promised', 'day', 'biden', 'harris', 'administration', 'deported', 'infants', 'children', 'haiti', 'nation', 'whose', 'president', 'refusing', 'leave', 'office', 'dictatorship', 'supported', 'biden', 'administration', 'despite', 'resistance', 'haitian', 'people', 'biden', 'still', 'lying', 'time', 'stimulus', 'payment', 'promised', 'people', 'changed', 'parameters', 'qualifications', 'stimulus', 'payment', 'multiple', 'times', 'last', 'days', 'still', 'people', 'fighting', 'lives', 'let', 'make', 'light', 'claim', 'things', 'interesting', 'since', 'mainstream', 'liberal', 'media', 'problem', 'telling', 'black', 'brown', 'people', 'drone', 'bombed', 'lesser', 'evil', 'many', 'liberal', 'whites', 'claimed', 'solution']"
154,17871600908311010,584575248,instagram,2021-02-11 02:23:40,1,@meeshkeern,,[]
155,18139804495181067,1706599972,instagram,2021-02-11 02:11:41,6,Imma love this comment section and I'm not even American ğŸ˜‚,Imma love this comment section and I'm not even American ,"['imma', 'love', 'comment', 'section', 'even', 'american']"
156,17906298946642554,54535022,instagram,2021-02-11 02:07:41,2,"I wish our president was still funny, like he has a habit of sniffing girls and speaking in senile gibberish. That'd be a caracature.","I wish our president was still funny, like he has a habit of sniffing girls and speaking in senile gibberish. That'd be a caracature.","['wish', 'president', 'still', 'funny', 'like', 'habit', 'sniffing', 'girls', 'speaking', 'senile', 'gibberish', 'caracature']"
157,17884711262050110,1419870779,instagram,2021-02-11 01:52:43,33,Imagine voting for child sniffer and who puts men in women sports ruining their careers.,Imagine voting for child sniffer and who puts men in women sports ruining their careers.,"['imagine', 'voting', 'child', 'sniffer', 'puts', 'men', 'women', 'sports', 'ruining', 'careers']"
158,17867148986297663,6279803402,instagram,2021-02-11 01:52:01,0,Maybe,Maybe,['maybe']
159,17889819796943297,451985209,instagram,2021-02-11 01:48:16,9,"Yes, yes u do. Mass job crisis incoming","Yes, yes u do. Mass job crisis incoming","['yes', 'yes', 'u', 'mass', 'job', 'crisis', 'incoming']"
160,17907897910639096,1404484862,instagram,2021-02-11 01:44:34,20,I wish we could choose the better candidate and not the least bad one,I wish we could choose the better candidate and not the least bad one,"['wish', 'could', 'choose', 'better', 'candidate', 'least', 'bad', 'one']"
161,17914883674598355,206528130,instagram,2021-02-11 01:43:31,14,CNN misses Trump that's for sure. Ratings at an all time low.,CNN misses Trump that's for sure. Ratings at an all time low.,"['cnn', 'misses', 'sure', 'ratings', 'time', 'low']"
162,17882742872022367,4148241832,instagram,2021-02-11 01:42:19,62,Boring news is good news,Boring news is good news,"['boring', 'news', 'good', 'news']"
163,17868608873326273,12129736059,instagram,2021-02-11 01:41:21,20,Did you want to lose some followers?,Did you want to lose some followers?,"['want', 'lose', 'followers']"
164,17879619893115351,26692998916,instagram,2021-02-11 01:38:50,56,People really think biden is gonna help america,People really think biden is gonna help america,"['people', 'really', 'think', 'biden', 'gon', 'na', 'help', 'america']"
165,17868980159321523,5840335520,instagram,2021-02-11 01:38:40,0,Here we go...,Here we go...,['go']
166,17873059490178522,36801961170,instagram,2021-02-11 01:38:39,3,I wish everyone would make it past the third panel,I wish everyone would make it past the third panel,"['wish', 'everyone', 'would', 'make', 'past', 'third', 'panel']"
167,17927604178498251,8402898072,instagram,2021-02-11 01:37:25,91,Orange man BAAAAAD,Orange man BAAAAAD,"['orange', 'man', 'baaaaad']"
168,17860519943422296,1567897003,instagram,2021-02-11 01:37:11,81,I don't think it's possible for me to miss someone less lmao,I don't think it's possible for me to miss someone less lmao,"['think', 'possible', 'miss', 'someone', 'less', 'lmao']"
169,17875603061131658,26705828,instagram,2021-02-11 01:36:46,10,"Itâ€™s like a show I hated watching but couldnâ€™t stop watching is no longer making new episodes, just publishing little videos on social media. I CANâ€™T DECIDE IF ITâ€™S ENOUGH OR NOT! ğŸ˜±ğŸ˜±ğŸ˜±","Itâ€™s like a show I hated watching but couldnâ€™t stop watching is no longer making new episodes, just publishing little videos on social media. I CANâ€™T DECIDE IF ITâ€™S ENOUGH OR NOT! ","['like', 'show', 'hated', 'watching', 'stop', 'watching', 'longer', 'making', 'new', 'episodes', 'publishing', 'little', 'videos', 'social', 'media', 'decide', 'enough']"
170,18148920949125308,3907743309,instagram,2021-02-11 01:36:34,4,The hashtags are always so fun to read,The hashtags are always so fun to read,"['hashtags', 'always', 'fun', 'read']"
171,17888284258914559,4650811827,instagram,2021-02-11 01:33:51,68,ooo this comment section is about to amazing,ooo this comment section is about to amazing,"['ooo', 'comment', 'section', 'amazing']"
172,17920514707538860,4209370120,instagram,2021-02-12 10:07:22,1,SO ARE REPUBLICANS,SO ARE REPUBLICANS,['republicans']
173,17883078026011680,5348031437,instagram,2021-02-12 00:24:38,1,#RepublicanCowards #JohnCornynIsACoward #TedCruzIsACoward,  ,[]
174,17879766053076441,35100179156,instagram,2021-02-11 10:55:57,1,#fascisttrumpğŸ”¥,,[]
175,17864731085369188,25112959311,instagram,2021-02-15 10:57:46,0,Look at Killer Clinton talking!! ğŸ˜’,Look at Killer Clinton talking!! ,"['look', 'killer', 'clinton', 'talking']"
176,17861462849340954,50150588,instagram,2021-02-14 23:08:41,0,Shes an idiot that needs to have a life sentence in prison for the horror shes committed!!,Shes an idiot that needs to have a life sentence in prison for the horror shes committed!!,"['shes', 'idiot', 'needs', 'life', 'sentence', 'prison', 'horror', 'shes', 'committed']"
177,17876838890112617,235616268,instagram,2021-02-14 13:21:26,0,She should know!!! ğŸ™„,She should know!!! ,['know']
178,18092967742230052,237669718,instagram,2021-02-14 09:25:41,0,Where did she come from? All of a@sudden we hear her speak,Where did she come from? All of a we hear her speak,"['come', 'hear', 'speak']"
179,17874128510166053,965805073,instagram,2021-02-14 08:43:29,0,"IT IS AMAZING THAT  MS. EMAIL-HILLARY-BENGHAZI WANTS TO ACCUSE HIM WHEN HE DECIDED NOT TO PURSUE HER INVESTIGATION WHEN HE  BECAME OUR HONORABLE PRESIDENT. SHE  CAN NOT THROW  A DEMEANING LIE TO THIS PELOSI-KANGAROO COURT. I WILL PRAY HER,  PELOSI, HARRIS, BIDEN,  AND THE REST OF THESE 'PHARISEES.  REPENT AND TURN TO GOD! HE WILL HELP THEM ALL, IF NOT THE AMENDMENT 25 SHOULD BE USED FOR ALL OF THEM!","IT IS AMAZING THAT  MS. EMAIL-HILLARY-BENGHAZI WANTS TO ACCUSE HIM WHEN HE DECIDED NOT TO PURSUE HER INVESTIGATION WHEN HE  BECAME OUR HONORABLE PRESIDENT. SHE  CAN NOT THROW  A DEMEANING LIE TO THIS PELOSI-KANGAROO COURT. I WILL PRAY HER,  PELOSI, HARRIS, BIDEN,  AND THE REST OF THESE 'PHARISEES.  REPENT AND TURN TO GOD! HE WILL HELP THEM ALL, IF NOT THE AMENDMENT 25 SHOULD BE USED FOR ALL OF THEM!","['amazing', 'wants', 'accuse', 'decided', 'pursue', 'investigation', 'became', 'honorable', 'president', 'throw', 'demeaning', 'lie', 'court', 'pray', 'pelosi', 'harris', 'biden', 'rest', 'repent', 'turn', 'god', 'help', 'amendment', 'used']"
180,17885724692008618,277053155,instagram,2021-02-13 23:51:28,0,"She shouldnâ€™t be talking. This one should be in jail for those 33,000 emails and Epstein bs.","She shouldnâ€™t be talking. This one should be in jail for those 33,000 emails and Epstein bs.","['talking', 'one', 'jail', 'emails', 'epstein', 'bs']"
181,17867471198336843,266868088,instagram,2021-02-13 17:13:02,0,What an evil woman ğŸ˜¡ Hope she repents soon & sees the light of Godâ€™s Word âœï¸,What an evil woman  Hope she repents soon & sees the light of Godâ€™s Word ,"['evil', 'woman', 'hope', 'repents', 'soon', 'sees', 'light', 'god', 'word']"
182,17932238089482311,1367131226,instagram,2021-02-13 16:58:14,0,And thereâ€™s the real purpose for this empty handed impeachment. Smear,And thereâ€™s the real purpose for this empty handed impeachment. Smear,"['real', 'purpose', 'empty', 'handed', 'smear']"
183,17949437908418066,1193659525,instagram,2021-02-13 15:45:25,0,Evil witch,Evil witch,"['evil', 'witch']"
184,18095830915222094,2177955097,instagram,2021-02-13 11:45:12,0,Wish she would just stfu!,Wish she would just stfu!,"['wish', 'would', 'stfu']"
185,17865148355353359,186748713,instagram,2021-02-13 11:22:44,1,This demonic witch needs to stop âœ‹ğŸ¾,This demonic witch needs to stop ,"['demonic', 'witch', 'needs', 'stop']"
186,17900760685752877,2177428673,instagram,2021-02-13 10:51:21,0,She's one to talk. She should be in prison right now for her crimes against this country. What a hypocrit,She's one to talk. She should be in prison right now for her crimes against this country. What a hypocrit,"['one', 'talk', 'prison', 'right', 'crimes', 'country', 'hypocrit']"
187,17898209002749854,247995617,instagram,2021-02-13 09:59:01,0,ğŸ˜‚ğŸ˜‚ğŸ˜‚ğŸ˜‚ğŸ˜‚ğŸ˜‚ğŸ˜‚ğŸ˜‚ğŸ˜‚ğŸ˜‚,,[]
188,17889240118963888,29351903723,instagram,2021-02-13 09:52:27,0,Satans sister,Satans sister,"['satans', 'sister']"
189,17861356886361295,174324946,instagram,2021-02-13 09:19:42,0,Miss pizza gate Hitlery!!,Miss pizza gate Hitlery!!,"['miss', 'pizza', 'gate', 'hitlery']"
190,17905237951690366,12369907084,instagram,2021-02-13 08:36:09,0,"Yeah, she knows all about rigged juries, rigged elections and deceit in general.","Yeah, she knows all about rigged juries, rigged elections and deceit in general.","['yeah', 'knows', 'rigged', 'juries', 'rigged', 'elections', 'deceit', 'general']"
191,18064319800300638,7363791049,instagram,2021-02-13 08:15:03,0,Stage is set,Stage is set,"['stage', 'set']"
192,17870839700319628,2227611580,instagram,2021-02-13 07:33:46,0,Ironic coming from the Queen criminal,Ironic coming from the Queen criminal,"['ironic', 'coming', 'queen', 'criminal']"
193,17978513941350066,41141945003,instagram,2021-02-13 07:04:49,1,She needs to be in prison what a fucking joke she is,She needs to be in prison what a fucking joke she is,"['needs', 'prison', 'fucking', 'joke']"
194,17920603666525050,40504952521,instagram,2021-02-13 06:58:34,0,She should be the first one behind bars!,She should be the first one behind bars!,"['first', 'one', 'behind', 'bars']"
195,17877220652155483,1534136606,instagram,2021-02-13 06:02:22,0,People in glass houses....,People in glass houses....,"['people', 'glass', 'houses']"
196,17888238196977292,29627918502,instagram,2021-02-13 05:58:28,0,"When is Killary ever going to face the crimes and murders she put into action. Bitch should be executed on WH lawn for her lies, destruction and evil deeds. Hell is still real killary. Your room is ready.","When is Killary ever going to face the crimes and murders she put into action. Bitch should be executed on WH lawn for her lies, destruction and evil deeds. Hell is still real killary. Your room is ready.","['killary', 'ever', 'going', 'face', 'crimes', 'murders', 'put', 'action', 'bitch', 'executed', 'wh', 'lawn', 'lies', 'destruction', 'evil', 'deeds', 'hell', 'still', 'real', 'killary', 'room', 'ready']"
197,17869050929257492,295136942,instagram,2021-02-13 05:39:42,1,"Shit, I thought she was in jail or executed or something but NO...... she is fricking tweeting???? Seriously ğŸ¤ª","Shit, I thought she was in jail or executed or something but NO...... she is fricking tweeting???? Seriously ğŸ¤ª","['shit', 'thought', 'jail', 'executed', 'something', 'fricking', 'tweeting', 'seriously']"
198,17883368291073698,295460531,instagram,2021-02-13 05:23:32,0,"she is a violent criminal that has had many murdered, thats why she blames everyone else","she is a violent criminal that has had many murdered, thats why she blames everyone else","['violent', 'criminal', 'many', 'murdered', 'thats', 'blames', 'everyone', 'else']"
199,18192711037019315,39487890,instagram,2021-02-13 04:55:07,4,Speaking from experience?,Speaking from experience?,"['speaking', 'experience']"
200,17890964725890259,3457303769,instagram,2021-02-13 04:53:09,4,Hillary should be in jail now,Hillary should be in jail now,"['hillary', 'jail']"
201,17903964127686676,186263791,instagram,2021-02-13 04:22:10,1,HahahağŸ”¥ the devils running scared!,Hahaha the devils running scared!,"['hahaha', 'devils', 'running', 'scared']"
202,17897709502830726,11294706670,instagram,2021-02-13 03:33:15,2,"Hillbilly Hillary is just afraid Trump is coming for her! Remember Benghazi and The Steele Dascia - Russia Gate!  You better ask for forgiveness before you die, Jesus is the way,the truth, the life. Join a winning team- team Jesus!ğŸ™âœï¸âœï¸","Hillbilly Hillary is just afraid Trump is coming for her! Remember Benghazi and The Steele Dascia - Russia Gate!  You better ask for forgiveness before you die, Jesus is the way,the truth, the life. Join a winning team- team Jesus!","['hillbilly', 'hillary', 'afraid', 'coming', 'remember', 'benghazi', 'steele', 'dascia', 'russia', 'gate', 'better', 'ask', 'forgiveness', 'die', 'jesus', 'way', 'truth', 'life', 'join', 'winning', 'team', 'jesus']"
203,18194670544003957,1355852211,instagram,2021-02-13 03:17:35,2,She's just as guilty,She's just as guilty,['guilty']
204,17899111738746233,408281562,instagram,2021-02-13 03:14:41,0,ğŸ™„,,[]
205,17888149492910914,374064601,instagram,2021-02-13 03:02:05,0,Really? ğŸ™„,Really? ,['really']
206,17895474346816561,10195505383,instagram,2021-02-13 02:59:19,0,Look who iis talking...the most corrupted woman in America,Look who iis talking...the most corrupted woman in America,"['look', 'iis', 'talking', 'corrupted', 'woman', 'america']"
207,17897422303833389,2208927175,instagram,2021-02-13 02:52:58,3,I guess she remembers Benghazi,I guess she remembers Benghazi,"['guess', 'remembers', 'benghazi']"
208,18137837812148245,8523520560,instagram,2021-02-13 02:52:25,1,Spare me. @hillaryclinton #deepstate #satanslittlehelper,Spare me.   ,['spare']
209,17860986047464872,3898908732,instagram,2021-02-13 02:45:30,0,ğŸ‘¹ğŸ•ğŸ‘¹ğŸ•ğŸ‘¹ğŸ•,,[]
210,17897407411777154,32817581735,instagram,2021-02-13 02:45:20,1,They got it all witch...if they did not put you to death for your crimes against humanity yet...they are planning to.,They got it all witch...if they did not put you to death for your crimes against humanity yet...they are planning to.,"['got', 'witch', 'put', 'death', 'crimes', 'humanity', 'yet', 'planning']"
211,17893926925892734,32817581735,instagram,2021-02-13 02:43:39,0,Says the child molesting child sacrificing child trafficking canibal evil evil witch who worships Satan...r,Says the child molesting child sacrificing child trafficking canibal evil evil witch who worships Satan...r,"['says', 'child', 'molesting', 'child', 'sacrificing', 'child', 'trafficking', 'canibal', 'evil', 'evil', 'witch', 'worships', 'satan', 'r']"
212,17877868424149347,4341332283,instagram,2021-02-13 02:41:35,1,Crackpot Hillary,Crackpot Hillary,"['crackpot', 'hillary']"
213,17864077931333322,2028516654,instagram,2021-02-13 02:40:00,1,Well remember who's in control and you libtards are not but Jesus Christ is.,Well remember who's in control and you libtards are not but Jesus Christ is.,"['well', 'remember', 'control', 'libtards', 'jesus', 'christ']"
214,17860697396479771,8646637916,instagram,2021-02-13 02:07:14,0,You canâ€™t make this up,You canâ€™t make this up,['make']
215,17859313808400773,274693466,instagram,2021-02-13 01:57:47,0,ğŸ—‘,,[]
216,17904738379707021,44588868214,instagram,2021-02-13 01:44:11,1,Dead woman walking,Dead woman walking,"['dead', 'woman', 'walking']"
217,18147262288137699,44588868214,instagram,2021-02-13 01:43:54,0,Screw that liar,Screw that liar,"['screw', 'liar']"
218,17891215813910070,828678017,instagram,2021-02-13 01:35:16,0,Blah blah!,Blah blah!,"['blah', 'blah']"
219,18147466108190993,4616559695,instagram,2021-02-13 01:12:36,3,why isnâ€™t she locked up?,why isnâ€™t she locked up?,['locked']
220,17884486061039759,4185277037,instagram,2021-02-13 01:08:13,15,"Why isnâ€™t she behind bars, maybe her conspirators are behind herğŸ§","Why isnâ€™t she behind bars, maybe her conspirators are behind herğŸ§","['behind', 'bars', 'maybe', 'conspirators', 'behind']"
221,17935942174460930,38545764948,instagram,2021-02-13 01:06:43,1,SMH that his woman & her husband have not be Executed for Treason.,SMH that his woman & her husband have not be Executed for Treason.,"['smh', 'woman', 'husband', 'executed', 'treason']"
222,18143035900132764,3928750733,instagram,2021-02-13 01:04:10,1,She means how she got away with all her corrupt dealings the entire time sheâ€™s been in politics,She means how she got away with all her corrupt dealings the entire time sheâ€™s been in politics,"['means', 'got', 'away', 'corrupt', 'dealings', 'entire', 'time', 'politics']"
223,17954148772407019,18256196744,instagram,2021-02-13 01:02:27,7,"And you know a thing or two about co-conspirators. Right, Hill?","And you know a thing or two about co-conspirators. Right, Hill?","['know', 'thing', 'two', 'right', 'hill']"
224,17873187983182391,242415137,instagram,2021-02-13 00:50:20,2,What about her and all the people that sheâ€™s killed? How come she was never on trial?,What about her and all the people that sheâ€™s killed? How come she was never on trial?,"['people', 'killed', 'come', 'never', 'trial']"
225,17968527373370848,28217515293,instagram,2021-02-13 00:42:35,1,What about your jury rodhamhood?,What about your jury rodhamhood?,"['jury', 'rodhamhood']"
226,18119749480173183,1350535077,instagram,2021-02-13 00:35:33,0,ğŸ”¥For this ğŸ‘¹,For this ,[]
227,17874365558159749,691444888,instagram,2021-02-13 00:17:51,1,This woman should be burnt at the stake on the front lawn of the White House along with pelosi,This woman should be burnt at the stake on the front lawn of the White House along with pelosi,"['woman', 'burnt', 'stake', 'front', 'lawn', 'white', 'house', 'along', 'pelosi']"
228,17933509339468849,34847096,instagram,2021-02-13 00:06:27,1,ğŸ¤£ğŸ¤£ğŸ¤£ğŸ¤£ğŸ¤£ğŸ¤£hypocrisy,ğŸ¤£ğŸ¤£ğŸ¤£ğŸ¤£ğŸ¤£ğŸ¤£hypocrisy,[]
229,18140070982182840,19553478692,instagram,2021-02-13 00:02:29,1,ğŸ˜‚ğŸ˜‚ğŸ˜‚ğŸ˜‚ğŸ˜‚All these people are so corrupt.,All these people are so corrupt.,"['people', 'corrupt']"
230,17880322478065661,8072685174,instagram,2021-02-12 23:55:30,1,"Revenge sometimes fails folks, though the end goal is to hide their sin, in the end God has the win!","Revenge sometimes fails folks, though the end goal is to hide their sin, in the end God has the win!","['revenge', 'sometimes', 'fails', 'folks', 'though', 'end', 'goal', 'hide', 'sin', 'end', 'god', 'win']"
231,17895495310858155,3884311893,instagram,2021-02-12 23:54:31,4,This is funny coming from a woman who deserves to be in prison for treason against this nation.,This is funny coming from a woman who deserves to be in prison for treason against this nation.,"['funny', 'coming', 'woman', 'deserves', 'prison', 'treason', 'nation']"
232,17920864099531023,4322226774,instagram,2021-02-12 23:45:06,0,what a fookin conspiracy theorist matie,what a fookin conspiracy theorist matie,"['fookin', 'conspiracy', 'theorist', 'matie']"
233,17892934615843472,6679671142,instagram,2021-02-12 23:44:34,0,ğŸ™„ğŸ™„ğŸ™„ğŸ™„ğŸ™„,,[]
234,17899227238813841,4930285798,instagram,2021-02-12 23:40:33,0,4 More Years are coming!!!,4 More Years are coming!!!,"['years', 'coming']"
235,17924930458515569,296536616,instagram,2021-02-12 23:35:10,1,ğŸ˜‚ğŸ˜‚ğŸ˜‚ Witch!! ğŸ§™â€â™€ï¸, Witch!! ğŸ§™â€,['witch']
236,17858163203492538,5737481091,instagram,2021-02-12 23:32:07,4,ğŸ˜‚ Mrs. Bubba Clinton is a joke.  I laugh at her with the holy spirit ğŸ¤£ğŸ˜‚ hell awaits her for the disgusting things she does and the pathological lies that she spews., Mrs. Bubba Clinton is a joke.  I laugh at her with the holy spirit ğŸ¤£ hell awaits her for the disgusting things she does and the pathological lies that she spews.,"['bubba', 'clinton', 'joke', 'laugh', 'holy', 'spirit', 'hell', 'awaits', 'disgusting', 'things', 'pathological', 'lies', 'spews']"
237,18093002506231886,45253126909,instagram,2021-02-12 23:28:42,1,K thanks. Get another drink.,K thanks. Get another drink.,"['k', 'thanks', 'get', 'another', 'drink']"
238,17891852323877802,8433058874,instagram,2021-02-12 23:26:49,22,She should be the last one talking .... we didnâ€™t forget about those emails ğŸ‘€ğŸ‘€ğŸ‘€,She should be the last one talking .... we didnâ€™t forget about those emails ,"['last', 'one', 'talking', 'forget', 'emails']"
239,17922260356508607,521999475,instagram,2021-02-12 23:25:40,4,Projection,Projection,['projection']
240,17859708824440435,3507757706,instagram,2021-02-12 23:24:26,2,Hillary Clinton is a disgrace to Americans and Americaâ€¼ï¸,Hillary Clinton is a disgrace to Americans and Americaâ€¼,"['hillary', 'clinton', 'disgrace', 'americans']"
241,17863412495377311,7866388417,instagram,2021-02-12 23:22:26,0,Fact checkers checking me. When making a remark on Hillary Lost freedom of speech.  According to lefts  constitution does not apply,Fact checkers checking me. When making a remark on Hillary Lost freedom of speech.  According to lefts  constitution does not apply,"['fact', 'checkers', 'checking', 'making', 'remark', 'hillary', 'lost', 'freedom', 'speech', 'according', 'lefts', 'constitution', 'apply']"
242,17864598842328880,45311373663,instagram,2021-02-12 23:19:44,3,"She needs to find a hobby or something. Let it go, girl. ğŸ¤¦","She needs to find a hobby or something. Let it go, girl. ğŸ¤¦","['needs', 'find', 'hobby', 'something', 'let', 'go', 'girl']"
243,18193242850024506,206886680,instagram,2021-02-12 23:15:10,5,Thatâ€™s funny coming from Hillary Clinton crime family.,Thatâ€™s funny coming from Hillary Clinton crime family.,"['funny', 'coming', 'hillary', 'clinton', 'crime', 'family']"
244,17955577378402853,375167727,instagram,2021-02-12 23:12:05,6,Sheâ€™s the one that should be in prison. Sheâ€™s a career crooked politicians. Trump is a business man.,Sheâ€™s the one that should be in prison. Sheâ€™s a career crooked politicians. Trump is a business man.,"['one', 'prison', 'career', 'crooked', 'politicians', 'business', 'man']"
245,17917857580545090,402311722,instagram,2021-02-12 23:08:41,4,"Boooooo, Hilary is the devil","Boooooo, Hilary is the devil","['boooooo', 'hilary', 'devil']"
246,18104774095202917,6817463193,instagram,2021-02-13 05:20:01,1,Lincolnâ€™s inner strength much needed now!,Lincolnâ€™s inner strength much needed now!,"['lincoln', 'inner', 'strength', 'much', 'needed']"
247,17890307713945037,30335572616,instagram,2021-02-17 01:51:29,0,AS SHE SHOULD,AS SHE SHOULD,[]
248,18185670241067899,5431752428,instagram,2021-02-15 20:48:26,0,"Dont trust this woman, she is opportunist.  PERIOD!!!!ğŸ˜¡ğŸ˜¡ğŸ˜¡ğŸ˜¡","Dont trust this woman, she is opportunist.  PERIOD!!!!","['dont', 'trust', 'woman', 'opportunist', 'period']"
249,17885133191028383,45733861532,instagram,2021-02-15 16:45:10,0,I Don't Like Trump Get Rid Of Him NOWWW ğŸ¤´,I Don't Like Trump Get Rid Of Him NOWWW ğŸ¤´,"['like', 'get', 'rid', 'nowww']"
250,18158366191129199,6444982539,instagram,2021-02-14 23:43:41,0,"The best option on the negotiating table is cooperation with Iran. If not, we will see the production of an atomic bomb by Iran.","The best option on the negotiating table is cooperation with Iran. If not, we will see the production of an atomic bomb by Iran.","['best', 'option', 'negotiating', 'table', 'cooperation', 'iran', 'see', 'production', 'atomic', 'bomb', 'iran']"
251,17874464996212926,2895754291,instagram,2021-02-14 13:08:39,0,Rat?  and ships,Rat?  and ships,"['rat', 'ships']"
252,17875525496192974,5566518245,instagram,2021-02-14 02:02:46,0,The line has to be drawn!! Better late than never. The American people deserve better!!,The line has to be drawn!! Better late than never. The American people deserve better!!,"['line', 'drawn', 'better', 'late', 'never', 'american', 'people', 'deserve', 'better']"
253,18143340406134300,307674410,instagram,2021-02-14 01:37:33,0,ğŸğŸ¤®ğŸ¤®ğŸ¤®,ğŸ¤®ğŸ¤®ğŸ¤®,[]
254,17874348506207890,4210214112,instagram,2021-02-14 00:43:02,0,ğŸ˜‚ğŸ˜‚ğŸ˜‚ğŸ˜‚ğŸ˜‚ğŸ˜‚ is that a joke or what???? Now trumpicants are regretted ....ğŸ˜¡ğŸ˜¡ğŸ˜¡ğŸ˜¡ğŸ‘ğŸ»ğŸ‘ğŸ»ğŸ‘ğŸ», is that a joke or what???? Now trumpicants are regretted ....,"['joke', 'trumpicants', 'regretted']"
255,17888505679965780,3175231323,instagram,2021-02-14 00:22:00,1,@nikkihaley we knew your true colors the moment you stuck your tongue up trumps @$$ You canâ€™t backtrack now. Own it. You were a co-conspirator and enabler. Keep your red hat on, we knew your true colors the moment you stuck your tongue up trumps  You canâ€™t backtrack now. Own it. You were a co-conspirator and enabler. Keep your red hat on,"['knew', 'true', 'colors', 'moment', 'stuck', 'tongue', 'trumps', 'backtrack', 'enabler', 'keep', 'red', 'hat']"
256,17959924393387933,11611595992,instagram,2021-02-14 00:17:30,1,Republican Party needs a cleansing too many wishy washy people,Republican Party needs a cleansing too many wishy washy people,"['republican', 'party', 'needs', 'cleansing', 'many', 'wishy', 'washy', 'people']"
257,17888207845936123,12731341195,instagram,2021-02-13 21:24:24,0,"She's basically said, ""you cant trust my judgement"" on the biggest issues","She's basically said, ""you cant trust my judgement"" on the biggest issues","['basically', 'said', 'cant', 'trust', 'judgement', 'biggest', 'issues']"
258,17900658469755107,773444519,instagram,2021-02-13 16:59:24,0,well why DID you then? you stupid woman,well why DID you then? you stupid woman,"['well', 'stupid', 'woman']"
259,17884659662041723,5420292191,instagram,2021-02-13 13:12:29,0,ğŸ˜‚ğŸ˜‚ğŸ˜‚ğŸ˜‚ğŸ˜‚ğŸ˜‚ğŸ˜‚,,[]
260,17993142265318306,8386658136,instagram,2021-02-13 12:01:54,0,Uhhh you donâ€™t say. ğŸ™„ğŸ˜¡,Uhhh you donâ€™t say. ,"['uhhh', 'say']"
261,17877644894108099,27377501100,instagram,2021-02-13 10:55:06,0,"#Astrologer service in  24hours call +91-8890883451(-Guru ji-)ğŸ‘«Vashikaran specialist
ğŸ“Whatsapp and call no- +91-8890883451
1âƒ£-Love Problem Solution ğŸ’ğŸ’˜
2âƒ£-Husband Wife Love ğŸ’”ProblemğŸ‘¨â€ğŸ¦°ğŸ‘©â€ğŸ¦°
3âƒ£-Business In Loss problemâœï¸ğŸ’µğŸ’µğŸ’°ğŸ’³
4âƒ£Diveroce_problem_solution
5âƒ£Job And Visa Problem
6ï¸âƒ£Inter_Caste_Marriage_Solution  7âƒ£All Problem Solution,-#101%-granted,! 8ï¸âƒ£âœˆï¸Foreign travel problem  call Now (-Guru ji-)Call NowğŸ“+91-8890883451
ğŸ™ğŸ™ğŸš© à¤œà¤¯ à¤¶à¥à¤°à¥€ à¤°à¤¾à¤§à¥‡ à¤¶à¥à¤¯à¤¾à¤® à¤œà¥ˆà¤¸à¥‡:- (à¤ªà¥à¤°à¥‡à¤®-à¤µà¤¿à¤µà¤¾à¤¹) (à¤®à¤¨à¤šà¤¾à¤¹à¤¾ à¤ªà¥à¤¯à¤¾à¤° ) (à¤•à¤¾à¤®-à¤•à¤¾à¤°à¥‹à¤¬à¤¾à¤°) ( à¤ªà¤¤à¤¿ - à¤ªà¤¤à¥à¤¨à¥€ à¤®à¥‡à¤‚ à¤…à¤¨à¤¬à¤¨)"" ğŸ‘« à¤¸à¤­à¥€ à¤œà¤—à¤¹ à¤¸à¥‡ à¤¨à¤¿à¤°à¤¾à¤¶ à¤ªà¥à¤°à¥‡à¤®à¥€-à¤ªà¥à¤°à¥‡à¤®à¤¿à¤•à¤¾à¤à¤‚ à¤à¤• à¤¬à¤¾à¤° à¤œà¤°à¥‚à¤° à¤•à¥‰à¤² à¤•à¤°à¥‡à¤‚, à¤†à¤ªà¤•à¤¾ à¤ªà¥à¤¯à¤¾à¤° à¤Ÿà¥‚à¤Ÿà¤¨à¥‡ à¤¨à¤¹à¥€à¤‚ à¤¦à¤¿à¤¯à¤¾ à¤œà¤¾à¤à¤—à¤¾à¥¤ 101% à¤—à¤¾à¤°à¤‚à¤Ÿà¥€à¤¡ à¤¸à¥‡ Noteâ€“(à¤µà¤¶à¥€à¤•à¤°à¤£ à¤¸à¥à¤ªà¥‡à¤¶à¤²à¤¿à¤¸à¥à¤Ÿ à¤ªà¤‚à¤¡à¤¿à¤¤ à¤œà¥€) A.K shastri ji à¤¨à¥‹à¤Ÿ :-Noteâ€“à¤‰à¤ªà¤°à¥‹à¤•à¥à¤¤ à¤¸à¤®à¤¸à¥à¤¯à¤¾à¤“à¤‚ à¤•à¥‡ à¤…à¤²à¤¾à¤µà¤¾ à¤­à¥€ à¤•à¥‹à¤ˆ à¤”à¤° à¤¸à¤®à¤¸à¥à¤¯à¤¾ à¤¹à¥‹ à¤œà¤¿à¤¸à¤•à¤¾ à¤¨à¤¿à¤µà¤¾à¤°à¤£ à¤¯à¤‚à¤¤à¥à¤°-à¤®à¤‚à¤¤à¥à¤° à¤µ à¤à¤¸à¥à¤Ÿà¥à¤°à¥‹à¤²à¥‰à¤œà¥€ à¤•à¥‡ à¤°à¤¿à¤²à¥‡à¤Ÿà¥‡à¤¡ à¤¹à¥‹ à¤¤à¥‹ à¤†à¤ª à¤¹à¤®à¥‡à¤‚ à¤•à¥‰à¤² à¤•à¤°à¤•à¥‡ à¤¬à¤¤à¤¾à¤‡à¤¯à¥‡à¤—à¤¾
â˜WhatsApp +91-8890883451"," service in  24hours call +91-8890883451(-Guru ji-)Vashikaran specialist
Whatsapp and call no- +91-8890883451
1âƒ£-Love Problem Solution 
2âƒ£-Husband Wife Love Problemâ€ğŸ¦°â€ğŸ¦°
3âƒ£-Business In Loss problem
4âƒ£Diveroce_problem_solution
5âƒ£Job And Visa Problem
6âƒ£Inter_Caste_Marriage_Solution  7âƒ£All Problem Solution,- 8âƒ£Foreign travel problem  call Now (-Guru ji-)Call Now+91-8890883451
 à¤œà¤¯ à¤¶à¥à¤°à¥€ à¤°à¤¾à¤§à¥‡ à¤¶à¥à¤¯à¤¾à¤® à¤œà¥ˆà¤¸à¥‡:- (à¤ªà¥à¤°à¥‡à¤®-à¤µà¤¿à¤µà¤¾à¤¹) (à¤®à¤¨à¤šà¤¾à¤¹à¤¾ à¤ªà¥à¤¯à¤¾à¤° ) (à¤•à¤¾à¤®-à¤•à¤¾à¤°à¥‹à¤¬à¤¾à¤°) ( à¤ªà¤¤à¤¿ - à¤ªà¤¤à¥à¤¨à¥€ à¤®à¥‡à¤‚ à¤…à¤¨à¤¬à¤¨)""  à¤¸à¤­à¥€ à¤œà¤—à¤¹ à¤¸à¥‡ à¤¨à¤¿à¤°à¤¾à¤¶ à¤ªà¥à¤°à¥‡à¤®à¥€-à¤ªà¥à¤°à¥‡à¤®à¤¿à¤•à¤¾à¤à¤‚ à¤à¤• à¤¬à¤¾à¤° à¤œà¤°à¥‚à¤° à¤•à¥‰à¤² à¤•à¤°à¥‡à¤‚, à¤†à¤ªà¤•à¤¾ à¤ªà¥à¤¯à¤¾à¤° à¤Ÿà¥‚à¤Ÿà¤¨à¥‡ à¤¨à¤¹à¥€à¤‚ à¤¦à¤¿à¤¯à¤¾ à¤œà¤¾à¤à¤—à¤¾à¥¤ 101% à¤—à¤¾à¤°à¤‚à¤Ÿà¥€à¤¡ à¤¸à¥‡ Noteâ€“(à¤µà¤¶à¥€à¤•à¤°à¤£ à¤¸à¥à¤ªà¥‡à¤¶à¤²à¤¿à¤¸à¥à¤Ÿ à¤ªà¤‚à¤¡à¤¿à¤¤ à¤œà¥€) A.K shastri ji à¤¨à¥‹à¤Ÿ :-Noteâ€“à¤‰à¤ªà¤°à¥‹à¤•à¥à¤¤ à¤¸à¤®à¤¸à¥à¤¯à¤¾à¤“à¤‚ à¤•à¥‡ à¤…à¤²à¤¾à¤µà¤¾ à¤­à¥€ à¤•à¥‹à¤ˆ à¤”à¤° à¤¸à¤®à¤¸à¥à¤¯à¤¾ à¤¹à¥‹ à¤œà¤¿à¤¸à¤•à¤¾ à¤¨à¤¿à¤µà¤¾à¤°à¤£ à¤¯à¤‚à¤¤à¥à¤°-à¤®à¤‚à¤¤à¥à¤° à¤µ à¤à¤¸à¥à¤Ÿà¥à¤°à¥‹à¤²à¥‰à¤œà¥€ à¤•à¥‡ à¤°à¤¿à¤²à¥‡à¤Ÿà¥‡à¤¡ à¤¹à¥‹ à¤¤à¥‹ à¤†à¤ª à¤¹à¤®à¥‡à¤‚ à¤•à¥‰à¤² à¤•à¤°à¤•à¥‡ à¤¬à¤¤à¤¾à¤‡à¤¯à¥‡à¤—à¤¾
WhatsApp +91-8890883451","['service', 'call', 'vashikaran', 'specialist', 'whatsapp', 'call', 'problem', 'solution', 'wife', 'love', 'loss', 'problem', 'visa', 'problem', 'problem', 'solution', 'travel', 'problem', 'call', 'call', 'shastri', 'ji', 'whatsapp']"
262,17880252197065172,3962714536,instagram,2021-02-13 10:08:57,1,"Too little, too late Nikki! We already knew your moral compass was broken, but now you've shown that like trump, YOU also have no loyalty to anyone! ğŸ¤¡","Too little, too late Nikki! We already knew your moral compass was broken, but now you've shown that like trump, YOU also have no loyalty to anyone! ğŸ¤¡","['little', 'late', 'nikki', 'already', 'knew', 'moral', 'compass', 'broken', 'shown', 'like', 'also', 'loyalty', 'anyone']"
263,17917863016539990,1752432688,instagram,2021-02-13 10:08:50,0,rhawanda your real name,rhawanda your real name,"['rhawanda', 'real', 'name']"
264,18200203408020356,2363371061,instagram,2021-02-13 07:58:22,0,Time for future republican leadership to step up. Liz and Nikki!?,Time for future republican leadership to step up. Liz and Nikki!?,"['time', 'future', 'republican', 'leadership', 'step', 'liz', 'nikki']"
265,18145929751186378,3862475735,instagram,2021-02-13 07:23:29,0,RINO Haley,RINO Haley,"['rino', 'haley']"
266,17871602210261947,8336195159,instagram,2021-02-13 07:23:13,0,We don't forgive you.,We don't forgive you.,['forgive']
267,17885721023020539,2265019277,instagram,2021-02-13 06:47:41,0,Lol,Lol,['lol']
268,17873971865228004,39492202452,instagram,2021-02-13 05:12:30,1,Itâ€™s all well and good now saying it like it is isnâ€™t it?,Itâ€™s all well and good now saying it like it is isnâ€™t it?,"['well', 'good', 'saying', 'like']"
269,17882068730081368,27633441938,instagram,2021-02-13 04:22:08,1,"@creative_gaze_int sadly, you are correct. She made a huge mistake aligning herself with him. But then again, the entire Republican Party has lost its mind (and morals)."," sadly, you are correct. She made a huge mistake aligning herself with him. But then again, the entire Republican Party has lost its mind (and morals).","['sadly', 'correct', 'made', 'huge', 'mistake', 'aligning', 'entire', 'republican', 'party', 'lost', 'mind', 'morals']"
270,17955444670398734,33648413311,instagram,2021-02-13 03:29:27,0,She's as EVIL as trump himself. Its the same agents who work gor deep state pushed trump to make mistakes and turned against him. This shows how EVIL creature this lady is. Hayley you yourself will not run any federal office AGAIN in jesus name,She's as EVIL as trump himself. Its the same agents who work gor deep state pushed trump to make mistakes and turned against him. This shows how EVIL creature this lady is. Hayley you yourself will not run any federal office AGAIN in jesus name,"['evil', 'agents', 'work', 'gor', 'deep', 'state', 'pushed', 'make', 'mistakes', 'turned', 'shows', 'evil', 'creature', 'lady', 'hayley', 'run', 'federal', 'office', 'jesus', 'name']"
271,18089787751241581,357170077,instagram,2021-02-13 03:06:59,0,Blimey didnâ€™t think she had it in her!,Blimey didnâ€™t think she had it in her!,"['blimey', 'think']"
272,17895744907848789,6510950086,instagram,2021-02-13 03:00:20,3,"Anyone who followed Trump, anyone and everyone who followed him should be removed from office and position. They clearly do not have a moral compass or intellectual discernment to hold any position of power.","Anyone who followed Trump, anyone and everyone who followed him should be removed from office and position. They clearly do not have a moral compass or intellectual discernment to hold any position of power.","['anyone', 'followed', 'anyone', 'everyone', 'followed', 'removed', 'office', 'position', 'clearly', 'moral', 'compass', 'intellectual', 'discernment', 'hold', 'position', 'power']"
273,17888976436961668,44890335924,instagram,2021-02-13 01:37:31,1,Zionist tool,Zionist tool,"['zionist', 'tool']"
274,17878111469149750,9895422185,instagram,2021-02-13 01:09:22,0,Where are those trump supporters who all ways tell us fake news this fake news that.you heard from a real republican,Where are those trump supporters who all ways tell us fake news this fake news that.you heard from a real republican,"['supporters', 'ways', 'tell', 'us', 'fake', 'news', 'fake', 'news', 'heard', 'real', 'republican']"
275,18140827057083254,4311416182,instagram,2021-02-13 01:06:20,2,"That's NOT a Turn On Him comment, its a Political Pivot which #wethepeople find sickening.","That's NOT a Turn On Him comment, its a Political Pivot which  find sickening.","['turn', 'comment', 'political', 'pivot', 'find', 'sickening']"
276,17894691682869647,38307633074,instagram,2021-02-13 00:55:22,0,That shows how much loyalty a woman possess,That shows how much loyalty a woman possess,"['shows', 'much', 'loyalty', 'woman', 'possess']"
277,17955956053395354,4814279561,instagram,2021-02-13 00:47:17,1,"Why did she do it in the first place? So much hypocrisy itâ€™s to vomit ğŸ¤¢. She tries to save her place in politics, but how can you trust a politician who couldnâ€™t make the right choice when she realised that Trump was an incompetent president?","Why did she do it in the first place? So much hypocrisy itâ€™s to vomit ğŸ¤¢. She tries to save her place in politics, but how can you trust a politician who couldnâ€™t make the right choice when she realised that Trump was an incompetent president?","['first', 'place', 'much', 'hypocrisy', 'vomit', 'tries', 'save', 'place', 'politics', 'trust', 'politician', 'make', 'right', 'choice', 'realised', 'incompetent', 'president']"
278,17889973600947462,262859009,instagram,2021-02-13 00:47:12,12,"Yeah.. no. Iâ€™m all for changing your opinion when presented with new, better, and factual information, but this ainâ€™t it. Sheâ€™s trying to walk it back now to secure her own political seat, but she has already made it blatantly obvious that her morals end when the political line and cash flow begin.","Yeah.. no. Iâ€™m all for changing your opinion when presented with new, better, and factual information, but this ainâ€™t it. Sheâ€™s trying to walk it back now to secure her own political seat, but she has already made it blatantly obvious that her morals end when the political line and cash flow begin.","['yeah', 'changing', 'opinion', 'presented', 'new', 'better', 'factual', 'information', 'trying', 'walk', 'back', 'secure', 'political', 'seat', 'already', 'made', 'blatantly', 'obvious', 'morals', 'end', 'political', 'line', 'cash', 'flow', 'begin']"
279,18129938563165601,25955017784,instagram,2021-02-13 00:36:11,1,Just proves how I intellectually challenged some people are,Just proves how I intellectually challenged some people are,"['proves', 'intellectually', 'challenged', 'people']"
280,17878604342088513,3162749369,instagram,2021-02-13 00:31:57,1,Too little too late,Too little too late,"['little', 'late']"
281,18128681965165851,9794163823,instagram,2021-02-13 00:21:36,2,Rats leaving the sinking ship ğŸ˜‚ğŸ˜‚ğŸ˜‚ğŸ˜‚,Rats leaving the sinking ship ,"['rats', 'leaving', 'sinking', 'ship']"
282,17913607009605807,1491364275,instagram,2021-02-13 00:20:49,0,Hindsight is 20/20. Morals get you thru a day.,Hindsight is 20/20. Morals get you thru a day.,"['hindsight', 'morals', 'get', 'thru', 'day']"
283,17904692704703663,13028157695,instagram,2021-02-13 00:16:09,0,Tears ğŸ˜­ grips my heart knowing how hard Iâ€™ve struggled to find a legit trader. I never wanted to do this but Iâ€™ll be guilty if I donâ€™t share this good news to people lauren_crypto  profit is the best trader Iâ€™ve ever know. Thanks for helping me and i will forever be grateful to you lauren_crypto profit,Tears  grips my heart knowing how hard Iâ€™ve struggled to find a legit trader. I never wanted to do this but Iâ€™ll be guilty if I donâ€™t share this good news to people lauren_crypto  profit is the best trader Iâ€™ve ever know. Thanks for helping me and i will forever be grateful to you lauren_crypto profit,"['tears', 'grips', 'heart', 'knowing', 'hard', 'struggled', 'find', 'legit', 'trader', 'never', 'wanted', 'guilty', 'share', 'good', 'news', 'people', 'profit', 'best', 'trader', 'ever', 'know', 'thanks', 'helping', 'forever', 'grateful', 'profit']"
284,18158105134105709,245946547,instagram,2021-02-12 23:57:11,10,Itâ€™s a little late for that.,Itâ€™s a little late for that.,"['little', 'late']"
285,18193806439022234,508545084,instagram,2021-02-12 23:56:55,1,OMG! She didnâ€™t say that! Idk how still people are following this cheap page. Youâ€™re not even smart in your lies,OMG! She didnâ€™t say that! Idk how still people are following this cheap page. Youâ€™re not even smart in your lies,"['omg', 'say', 'idk', 'still', 'people', 'following', 'cheap', 'page', 'even', 'smart', 'lies']"
286,18149271544190128,2220963508,instagram,2021-02-12 23:56:30,5,F her,F her,['f']
287,17861430776355599,2996004148,instagram,2021-02-12 23:48:20,0,Most of the trump cultists are like him what a coincidence ğŸ˜‚,Most of the trump cultists are like him what a coincidence ,"['cultists', 'like', 'coincidence']"
288,17878659701126348,1816182608,instagram,2021-02-12 23:45:49,3,Eyeing the VP run in 24. Pence Haley,Eyeing the VP run in 24. Pence Haley,"['eyeing', 'vp', 'run', 'pence', 'haley']"
289,17891593381920969,38523506517,instagram,2021-02-12 23:38:59,16,Iâ€™m not a trumper but she has no loyalty to anyone or anything - typical,Iâ€™m not a trumper but she has no loyalty to anyone or anything - typical,"['trumper', 'loyalty', 'anyone', 'anything', 'typical']"
290,18139791241087523,27633441938,instagram,2021-02-12 23:37:45,7,Itâ€™s about damn time she came to her senses!,Itâ€™s about damn time she came to her senses!,"['damn', 'time', 'came', 'senses']"
