,comment_id,user_id,platform,date_time,likes_count,comment
0,17916024808583798,3544668418,instagram,2021-02-19 00:52:00,1,Well stated!
1,17874135509220349,30746756357,instagram,2021-02-16 01:55:25,1,ğŸ˜‚ğŸ˜‚ğŸ‘
2,17891163556905576,10563354725,instagram,2021-02-12 00:05:16,1,The hand makes it sublime
3,18126510583195827,10563354725,instagram,2021-02-12 00:04:00,1,Missed this one b4 and the band aid too. Too good
4,17912957488603721,9704226,instagram,2021-02-03 22:33:08,1,ğŸ˜œğŸ˜œğŸ˜œperfectâ£ï¸
5,17943391621429260,14076519593,instagram,2021-01-23 07:49:06,1,All you have to do is point.
6,17881615940045606,15539972416,instagram,2021-01-19 00:49:27,1,How did I miss this??? Hope they have a truck with a lift... he canâ€™t walk up those ramps! I want to be sure they donâ€™t leave him behind!!!
7,18188166058016505,2253165030,instagram,2021-01-17 10:27:47,1,ğŸ”¥ğŸ”¥ğŸ”¥
8,17926878391491733,3918775337,instagram,2021-01-16 06:13:53,1,Please take it away - Iâ€™ll gladly pay more for the extra weight fee. ğŸ™
9,17885488096903546,2331477491,instagram,2021-01-16 02:37:10,1,Hahahahahahahahahaha
10,17871661589156571,455886068,instagram,2021-01-15 23:43:09,1,ğŸ’™ğŸ’™
11,18180298192070652,6265516263,instagram,2021-01-14 18:51:19,1,Good question about the toxic waste?
12,17916555562576230,367290780,instagram,2021-01-13 11:57:10,1,Thanks for the laughter ğŸ˜€
13,18145012147121711,1823937883,instagram,2021-01-13 09:46:11,1,Nicely done Brett. I especially appreciate the attention to detail you gave to the tiny handsğŸ¤£
14,17870630810214048,363972512,instagram,2021-01-13 06:29:20,1,This is perfect.
15,17930215999474430,5475686182,instagram,2021-01-13 05:13:06,1,ğŸ˜‚ Love it! Yea... I donâ€™t know... heâ€™s pretty toxic! ğŸ’•
16,18101272864205065,1108865625,instagram,2021-01-13 04:02:18,1,Seriously toxic waste!
17,17977225063343534,7281129774,instagram,2021-01-13 03:51:26,1,This is great Brett. Someone on FB is getting ready for a virtual moving party once the moving vans get there. I needed a laugh today as Iâ€™m worried about the coming week â¤ï¸ğŸ™ğŸ˜˜ Thanks for your art ğŸ–¼ ğŸ’‹ğŸ’‹ğŸ’‹ğŸ’‹
18,18135685114082383,3174987505,instagram,2021-01-13 03:41:25,1,ğŸ‘ğŸ‘ğŸ‘ğŸ‘
19,17890785577889054,1025822241,instagram,2021-01-13 02:23:02,1,Right on! ğŸ”¥ğŸ‘ğŸ‘
20,17956318204386348,255473151,instagram,2021-01-13 02:22:54,1,Garbage in. Garbage out ğŸ‘
21,17902393543690810,1334659720,instagram,2021-01-13 02:01:51,1,Bye bye...and never come back please....
22,17862823313338847,44292464361,instagram,2021-01-13 01:35:39,1,THIS IS GOLD!!!! ğŸ”¥
23,17925075991499824,356005602,instagram,2021-01-13 01:30:37,1,Thank you for making his â€œbaby handsâ€ #detailsmatter â¤ï¸â¤ï¸â¤ï¸
24,17913330661573648,7073492530,instagram,2021-01-13 01:07:48,1,"I understand thereâ€™s an upper class of Yrumpies that donâ€™t go to his rallies & wear all the paraphernalia?! They actually benefit from his tax cuts & protection from law suits, you know like if your employer says, 
â€œcome to work or youâ€™re fired!â€ So, these ppl in the upper crusties are watching the pathetic â€œtoolsâ€ do all the rioting! Thatâ€™s your GOP!! Devoid of all morals!!"
25,17865990938248369,191541028,instagram,2021-01-13 00:43:22,1,ğŸ‘ Impeach now
26,17856709481462413,6753434131,instagram,2021-01-13 00:32:37,1,â¤ğŸ‘ğŸ½ğŸ‘ğŸ½ğŸ™
27,18146581744125882,5706375312,instagram,2021-01-13 00:31:33,1,â¤ï¸
28,17980286008332057,11774621533,instagram,2021-02-19 11:36:12,0,Cunt Face!
29,17896549144828687,41360008149,instagram,2021-02-07 03:01:40,0,â¤ï¸check your inbox i have an special offer for you â¤ï¸
30,17908327318615873,13808046726,instagram,2021-01-16 22:55:09,1,Collab? Dm us @ heujier
31,17849367119510697,25303716354,instagram,2021-02-10 12:51:06,0,Amazing post ğŸ”¥ğŸ”¥ğŸ”¥ğŸ”¥
32,17895769591796994,8530090917,instagram,2021-02-06 18:23:03,0,Happy Birthday to u ğŸ™‚
33,17883952562024693,41969410430,instagram,2021-02-01 23:31:51,1,ğŸ”¥ğŸ”¥ğŸ”¥ğŸ”¥
34,17910906913612303,190108337,instagram,2021-01-30 11:59:59,1,Happy bday
35,18175759036072735,145987595,instagram,2021-01-30 03:12:08,1,Happy Birthday Pretty LadyğŸ˜ğŸğŸ‚
36,17919252337546692,42083504079,instagram,2021-01-30 01:04:48,1,Yâ€™all fits to cleanğŸ”¥ğŸ”¥ğŸ”¥ğŸ”¥ğŸŠğŸŠğŸ’¯
37,17910904951609147,3035032285,instagram,2021-01-29 19:46:42,1,Happy birthday
38,17842269200527599,18893405138,instagram,2021-01-29 18:52:33,2,ğŸ’¯ğŸ˜â™¥ï¸
39,17880959774082690,1773634797,instagram,2021-01-29 17:26:31,1,gorgeousğŸ˜ğŸ˜ğŸ’™ğŸ’™ğŸ’™
40,18156528298097383,1773634797,instagram,2021-01-29 17:26:14,0,like my recent one please?ğŸ˜ğŸ˜ğŸ˜ŠğŸ˜Š
41,17983884199329836,19086968231,instagram,2021-01-29 15:03:32,2,â™¥ï¸ğŸ’¯ğŸ˜˜
42,17871411836185775,15222054,instagram,2021-01-30 00:03:50,1,ğŸ”¥ğŸ”¥ğŸ”¥
43,17907551590632517,7899349,instagram,2021-02-02 02:57:55,0,love it!
44,17883001037053520,21091951,instagram,2021-02-01 22:00:30,0,Amazing Marcie â¤ï¸
45,17996476930312199,6760823622,instagram,2021-02-10 14:16:56,1,"Seriously, itâ€™s just football, stop putting politics into this."
46,17860345952434688,2982891497,instagram,2021-02-10 10:31:52,1,"every super bowl is in black history month, so does that mean every time a white guy wins it's racist? Like I understand there is a lot of racial inequality but cmon man it's a sport..."
47,17896684093788584,3410283401,instagram,2021-02-10 08:37:53,1,They acting like Kaepernick would make the super bowl ğŸ˜‚
48,17916661225566022,42105487209,instagram,2021-02-10 08:36:43,1,Slow day at the office ğŸ˜‚
49,17980014751343676,3973052508,instagram,2021-02-10 08:36:39,1,good lawd
50,17867971160296738,510686821,instagram,2021-02-18 23:26:23,0,Retard
51,17877339128178176,42493661257,instagram,2021-02-18 02:38:23,0,Using the word coup awfully loosely lol
52,18195403546063649,1478560961,instagram,2021-02-17 17:47:19,0,ğŸ˜‚ğŸ˜‚ğŸ˜‚ğŸ˜‚ğŸ˜‚ğŸ˜‚ğŸ˜‚ğŸ˜‚ğŸ˜‚ğŸ˜‚ğŸ˜‚
53,17904360160687533,244908805,instagram,2021-02-17 14:53:33,0,@feministabulous
54,17868845567332722,38573421537,instagram,2021-02-17 06:13:54,1,2-0
55,17895464527876875,548197376,instagram,2021-02-16 23:45:49,0,Funny how the people least equipped to handle violence and danger want to defund the police ğŸ¥´
56,17895106021872298,278754880,instagram,2021-02-16 22:41:49,0,None of what you stated is realistic nor will happen. Stop the nonsense hypocrisy..
57,17936128003452746,4063010744,instagram,2021-02-16 12:30:52,2,Hahah. Trump won again. 2-0. ğŸ‘ğŸ‘ğŸ‘ğŸ™ŒğŸ™Œ
58,17921161675533918,29048822475,instagram,2021-02-16 12:24:35,1,BRO DONT DEFUND THE POLICE. THEY ARE HERE TO HELP YOU LOTS. THEY FUCKING RISH THEIR LIVES FOR US ALL. AND DONT U COME AT ME FOR THIS. NOT ALL THE POLICE ARE THE SAME. JUST BECAUSE A FEW POLICE OFFICERS OR SOME SHIT DID SOMETHING WRONG. GET OVER IT BRO. U NEED TO TAKE THIS OFF YOUR PAGE
59,17872824170302996,1096328790,instagram,2021-02-16 07:16:00,0,So fucked up.
60,17869422962256962,1090869626,instagram,2021-02-16 07:02:35,1,"@brookiebrownie1234 If I have to see this cringe, you have to see it too."
61,18190896775000677,280099852,instagram,2021-02-16 03:29:40,0,â€œMinneapolis to spend 6.4 mil on recruiting police as Crime spikesâ€ lmao
62,17861050937472736,280897029,instagram,2021-02-16 02:28:37,0,Absolute *gold*
63,17940574975443328,20111978,instagram,2021-02-16 00:06:51,0,These are so idiotic. ğŸ˜‚ Turn off your CNN and go live in the real world.
64,17916614905570474,1806585993,instagram,2021-02-15 23:46:02,0,"Roses are red, Darth Sidious is evil, why did Disney have to grok up the sequels?"
65,17860683404379618,1806585993,instagram,2021-02-15 23:45:20,0,"Roses are red, I work as a trucker, Shadow the Hedgehog is a B**** a** mother******."
66,17856559307500025,1806585993,instagram,2021-02-15 23:41:30,0,"Roses are red, I hate the MHA fandom, they send death threats because their crazy ""ships"" aren't canon."
67,17894528926885814,5799525350,instagram,2021-02-15 16:27:11,0,Damn yâ€™all dems are crazy
68,18129226252164853,53841,instagram,2021-02-15 14:41:19,0,I love your work ğŸ˜ğŸ”¥ğŸ™ŒğŸ¼
69,18139647124144220,6848356511,instagram,2021-02-15 14:27:50,0,I love these!!!!
70,17894290873894861,7245396014,instagram,2021-02-15 13:23:23,0,Iâ€™m sorry but the 4th one donâ€™t rhyme whatsoever
71,17911651366599682,42439259,instagram,2021-02-15 13:02:55,0,ğŸ’¯
72,17904842683676254,37498988710,instagram,2021-02-15 09:35:43,0,Defund politicians all of them
73,17895717277816307,8915037727,instagram,2021-02-15 07:54:11,0,ğŸ¤¸â€â™‚ï¸
74,18107083000203277,8655386308,instagram,2021-02-15 06:19:02,0,Damn... defunding the police wasnt actually a good thing
75,17961117745376520,6309658686,instagram,2021-02-15 05:27:04,2,This is what wasting hard earned American tax dollars looks like! Exactly what you are advocating and filling the heads of young people that donâ€™t know any better. PS ALL LIVES MATTER!
76,17915009800597253,25566509,instagram,2021-02-15 05:12:00,2,@thechuchuu @_torisaur
77,17895768925862625,435316336,instagram,2021-02-15 03:59:37,1,ğŸ™„ğŸ™„ğŸ™„ğŸ™„ğŸ™„
78,17929730263471670,180764172,instagram,2021-02-15 01:59:33,0,"Playing Devil's Advocate here. Speaking from Ireland, where my ancestors suffered under the Royal Irish Constabulary and my northern brethren under the RUC until only 20 years ago, the thought of having an inadequate police service scares me. How many of you would feel safe in a city like London for example if the Met weren't there? Reform is possible and better."
79,17858103554436213,44956359100,instagram,2021-02-15 01:10:04,0,â¤ï¸ğŸ”¥ğŸ”¥
80,17922196975518241,44098784687,instagram,2021-02-15 00:59:41,0,"I don't get the one with ""fuck with AOC"". Can somebody clarify? Thank you!"
81,17898220639755048,7480961668,instagram,2021-02-15 00:54:24,0,Trump was acquitted again.  Whatâ€™s next little miss drama queen
82,17868409844281436,2139047821,instagram,2021-02-15 00:36:41,0,Is it to late to call
83,17917133344576324,3492859869,instagram,2021-02-15 00:19:09,0,"If we defended the police, more crime would happen in low income neighborhoods and more black lives would be lost."
84,17895534262816837,8033066800,instagram,2021-02-14 23:12:46,0,absolutely not
85,17897711620830052,1995681651,instagram,2021-02-14 23:05:51,0,Wonderful. Thank you!
86,17869172495261756,23904989672,instagram,2021-02-14 22:13:42,0,ğŸ‘ğŸ¿ğŸ‘ğŸ¿ This verdict is ridiculous...not surprised of course.
87,17900347144774803,333235481,instagram,2021-02-14 15:55:28,2,"Holy shit not a single differing opinon, you must be infallible and not delete comments ever at all !!!!! Go gurrrrl!!!!!"
88,17849156633515565,335705706,instagram,2021-02-14 13:04:32,0,"Are the comments turned off, or do I still have time to dawn my hazmat suit?"
89,17895111988872237,31824925585,instagram,2021-02-14 12:26:43,0,This is all so ğŸ”¥ğŸ”¥ğŸ”¥
90,18192804562039907,28221203335,instagram,2021-02-14 11:05:11,0,How did that work out for yağŸ˜‚
91,17897198716833749,3810317244,instagram,2021-02-14 09:09:59,3,"Trump just got aquitted today by the senate, and rightly so. Massive victory for Donald and the right. Massive loss for the left and the democrats. #aquitted ğŸ‘ğŸ™Œ"
92,17880005021111133,4141371353,instagram,2021-02-14 09:01:27,3,"*Trump supporter Goes skydiving for first time*

(Instructor) Here is youâ€™re parachute 

(Trump supporter) I not gonna wear anything the liberal media tells me too ğŸ˜­"
93,17872474988282698,3898299202,instagram,2021-02-14 08:22:00,4,"""I know that everyone here will soon be marching over to the Capitol building to peacefully and patriotically make your voices heard."" -Donald J. Trump"
94,18120144631173495,232387003,instagram,2021-02-14 07:36:46,1,@a.santi.716  bro these fucking libs nowadays lolololol read this shit ğŸ˜‚ğŸ˜‚ğŸ˜‚
95,18128991628164170,48420699,instagram,2021-02-14 07:03:17,0,ğŸ˜‚ğŸ˜‚ğŸ˜‚ğŸ˜‚ğŸ˜‚
96,17860553984378541,5645831499,instagram,2021-02-14 06:00:21,0,He was aquitted ğŸ¤£ğŸ¤£ğŸ¤£ğŸ¤£ğŸ¤£
97,17861525048476574,38709093567,instagram,2021-02-14 05:59:41,0,You all know that the senate will not get a 2/3rds majority right? Lmao. Yaâ€™ll Democrats love wasting time and tax payer money ğŸ˜‚ğŸ˜‚ğŸ˜‚ğŸ˜‚ğŸ˜‚
98,17918033299528939,1592961020,instagram,2021-02-14 05:26:44,11,this didnâ€™t age well
99,18029615380292344,1592961020,instagram,2021-02-14 05:26:29,0,hah
100,17857754930493230,224125807,instagram,2021-02-14 04:29:02,0,ğŸ˜‚
101,17902270960739003,15295691,instagram,2021-02-14 03:43:18,0,Imagine thinking this garbage is artğŸ˜‚
102,18193084561016507,18618801804,instagram,2021-02-14 03:09:43,0,these feminist types are slow
103,17867388719294981,18618801804,instagram,2021-02-14 03:09:19,0,ğŸ˜‚you have fun with that
104,18147246829187238,765349878,instagram,2021-02-14 02:54:48,0,â¤ï¸â¤ï¸â¤ï¸â¤ï¸â¤ï¸
105,17912594767608200,373397866,instagram,2021-02-14 02:36:57,0,ğŸ”¥
106,17861274845359047,17142884,instagram,2021-02-14 02:24:17,0,ğŸ˜‚ğŸ˜‚ğŸ˜‚ğŸ˜‚ğŸ˜‚ğŸ˜‚
107,17948478346423635,4071194,instagram,2021-02-14 02:18:57,0,These are ğŸ”¥ğŸ”¥ğŸ”¥ğŸ”¥ğŸ”¥ğŸ”¥!!! And the actionable items! Thank you!
108,17897454076829394,1322027022,instagram,2021-02-14 02:03:10,0,these are so idiotic. i cannot believe people are so dense that they support this stuff
109,18148208671139584,31267995089,instagram,2021-02-14 01:36:08,0,Ware 2 mask what a load of crap ğŸ˜‚ğŸ˜‚
110,17879078549135250,273871155,instagram,2021-02-14 00:41:02,0,Thank you for always following up your art with ways to take action!
111,17889154486950624,8678931458,instagram,2021-02-13 23:59:36,0,ğŸ”¥ğŸ™Œ
112,17895470263822646,31510199158,instagram,2021-02-13 23:59:01,0,"""defund the police"""
113,18139150033085881,40336629,instagram,2021-02-13 23:20:30,0,I canâ€™t ğŸ˜‚ğŸ˜‚
114,18095235985217516,179866720,instagram,2021-02-13 22:22:06,0,@_alysonns
115,17870650025319000,1917436530,instagram,2021-02-13 21:39:24,1,@iloveecannabiss
116,17884535057038545,1917436530,instagram,2021-02-13 21:39:18,0,@bitchimightvee
117,17895392104821572,10241376228,instagram,2021-02-13 19:55:23,0,How about blacks burning cities and black business and looted black business and murdered black people
118,17933375920471456,42784295047,instagram,2021-02-13 19:49:06,0,The police are here to protect the community. Unfortunately the media only portrays the awful brutality. Thereâ€™s cops who do abuse their power but not all cops are bad
119,17878561028151903,5447082513,instagram,2021-02-13 16:49:47,0,These are INCREDIBLE!ğŸ‘ğŸ‘ğŸ‘ğŸ‘ğŸ‘
120,17910963691616977,27168510422,instagram,2021-02-13 15:07:52,0,No you donâ€™t have to wear two stupid
121,18156448447114810,45220183186,instagram,2021-02-13 14:59:47,0,Roses are red the media is not true. Believe in the lies and a Ğ´ÑƒĞ¼Ğ±Ñ†ÑƒĞ½Ñ‚ is you
122,17912901070581642,28478531182,instagram,2021-02-13 14:00:49,0,These are all incredible
123,17904518518705228,9946128,instagram,2021-02-13 13:56:04,0,Nice one ğŸ”¥
124,17881197116096896,177049027,instagram,2021-02-13 13:21:41,0,Asleep indefinitely.
125,17863807775336056,19537190697,instagram,2021-02-13 13:21:10,0,Your fucking stupid for wanting to defund the police trump is fucked but so are you
126,17881347716095088,24614994527,instagram,2021-02-13 13:20:43,0,This is some Hello Kitty says ACAB bullshit.
127,17894329258888060,45254852889,instagram,2021-02-13 12:59:15,14,"2021, the darkest year in US history, I WOULD RATHER DIE THEN ACCEPTING BIDEN AS MY PRESIDENT, AND LIVING IN A NATION GOVERN BY HIM, THE WHITE HOUSE, OVAL OFFICE BELONGS TO TRUMP, I'VE PACKED MY BAGS AND I'VE LEFT THIS COUNTRY, MY KIDS WILL NOT GROW UNDER BIDEN'S PRESIDENCY, I CANT RISK THEIR LIFE. JOE BIDEN CANNOT BEAT TRUMP, NO NO NO The MEDIA, LIBERALS AND CORRUPT local officials DO NOT GET TO SELECT MY PRESIDENT. I DONT ACCEPT HIM AS MY PRESIDENT, THESE ELECTIONS WERE RIGGED RIGGED RIGGED, GREAT PRESIDENT TRUMP is GETTING ROBBED! This is absolutely the final straw,my KIDS ARE IN DANGER I CAN'T ACCEPT BIDEN AS MY PRESIDENT - I CANT SURVIVE A DAY UNDER BIDEN PRESIDENCY, I absolutely don't want to live in this nation where our GREAT PRESIDENT TRUMP is getting ROBBED! I'VE PACKED MY BAGS AND I'M LEAVING THIS COUNTRY! MY PRESIDENT WAS IS AND WILL BE DONALD TRUMP! 4 more years...ğŸ‡ºğŸ‡²"
128,17861147099410675,1781516,instagram,2021-02-13 12:45:05,1,"Roses are red, Democrats are blue, this post shows your party is authoritarian too. ğŸ¤·ğŸ»â€â™€ï¸"
129,17897253565838218,23217224,instagram,2021-02-13 11:37:37,0,ğŸ¤“ğŸ¤“ğŸ¤“ğŸ˜…ğŸ¤£ğŸ¤£ğŸ¤£
130,17914009324604397,3058166989,instagram,2021-02-13 10:02:46,0,May I repost this with credit?
131,17861517128403427,15404964614,instagram,2021-02-13 09:36:19,0,aoc is literally just as bad as other politicians this is the most performative shit
132,18128818879199576,191821761,instagram,2021-02-13 08:23:11,0,Can we get rid of the atf too?
133,18140358691080095,42969035,instagram,2021-02-13 07:13:08,0,Sarahhhhh I love you â¤ï¸
134,17897999404759996,14559594654,instagram,2021-02-13 06:59:06,0,You are fucking stupid lmfao
135,17884510481040116,13747425396,instagram,2021-02-13 05:42:09,0,What a disgraceful post.
136,17860645982373125,11133411587,instagram,2021-02-13 05:36:58,4,These have got to be some of the most stupidest things I have ever heardğŸ˜‚
137,17917175416561426,1256217597,instagram,2021-02-13 05:30:34,0,ğŸ˜‚ğŸ˜‚ğŸ˜‚ğŸ˜‚ğŸ‘ğŸ‘
138,17914079983601199,4306205978,instagram,2021-02-13 05:22:47,23,Fuck you.. blue lives matter too.
139,18030351352295905,275881921,instagram,2021-02-13 05:01:15,0,"â€œIf the Nuremberg laws were applied, every post war president would be hangedâ€. Say no to the mass murdererâ€™s DC death cult. AntiWar.com @warisaracket @richardtmedhurst @resist.war @jewishvoiceforpeace @veteransforpeace"
140,17897811817763055,39298395234,instagram,2021-02-13 04:11:30,13,Yâ€™all lost ğŸ˜‚
141,17885789561012817,40025710874,instagram,2021-02-13 03:36:41,0,What I wouldnâ€™t give for the mask one to be printed on a mask ğŸ’–
142,17897308342837139,7394851800,instagram,2021-02-13 03:15:12,0,Hall of fame menace of society badge ğŸ˜‚ for sho
143,17880032144113528,6647679374,instagram,2021-02-13 03:13:47,1,@savannahsog0ld
144,18094419652225628,6948763912,instagram,2021-02-13 02:30:22,0,Failed post
145,17915631427583480,341567952,instagram,2021-02-13 02:11:33,0,These are ğŸ”¥ğŸ”¥ğŸ”¥ğŸ”¥
146,18193813564037504,6245361669,instagram,2021-02-13 01:46:40,0,Well someone had to say itâ¤ï¸
147,17870940527231214,479248269,instagram,2021-02-13 01:27:56,0,Stunning. ğŸ‘ğŸ¼ğŸ’°ğŸ”Ÿ
148,17858444906408874,4087446113,instagram,2021-02-13 01:17:36,0,How do people like AOC?
149,17856960440441118,203029234,instagram,2021-02-13 00:37:45,0,From a creative standpoint. These  poems are dog shit.
150,17843506052527925,302897210,instagram,2021-02-13 00:03:16,0,nah fuck this bullshit. wear two masks now? hell nah
151,17988890977324429,391000184,instagram,2021-02-12 23:58:15,0,â¤ï¸â¤ï¸â¤ï¸
152,17898108259766996,31935974440,instagram,2021-02-12 23:53:15,1,Democrats are truly as dumb as dog shit
153,18071825830252640,247952357,instagram,2021-02-12 23:39:09,1,"Who gives a shit if the senate is blue. Every politician is a tax suckling criminal. Yaâ€™ll put WAY too much faith in your â€œfavoriteâ€ politician, itâ€™s scary and disgusting as fuck."
154,18139627624180474,721079899,instagram,2021-02-12 23:23:04,2,Can I get some stickers for my planner fam? ğŸ™ğŸ½
155,18159706399098903,44830750991,instagram,2021-02-12 22:18:46,1,Normal people laugh at people who wear 2 masks
156,17892666634843770,36817421456,instagram,2021-02-12 22:18:16,6,"Roses are red, the world makes me sadder 
Why canâ€™t you just agree police matter"
157,17876742020175512,36817421456,instagram,2021-02-12 22:17:17,5,"Roses are red, Libtards are slumped
Why do you all have an unhealthy obsession with trump"
158,17845146647518905,36817421456,instagram,2021-02-12 22:14:29,5,"Roses are red, your mom is Asian 
The bitches crying about BLM are all Caucasian ğŸ¤¦â€â™€ï¸"
159,17857021280443494,4541949069,instagram,2021-02-12 21:17:06,0,ğŸ‘ğŸ½ğŸ‘ğŸ½ğŸ‘ğŸ½ğŸ’“ğŸŒ¸
160,17884501802058036,435388271,instagram,2021-02-12 19:53:46,0,Thatâ€™s cute lol
161,17914585552604026,29662319,instagram,2021-02-12 18:32:59,0,ğŸ”¥ğŸ”¥ğŸ”¥â¤ï¸
162,17904301564726369,30248667,instagram,2021-02-12 15:44:39,0,Impeccable
163,18140635267084294,991587730,instagram,2021-02-12 15:24:31,1,"""Abolish the police!"" *one hate crime later* ""Call the police!"""
164,18093938224234343,8048743968,instagram,2021-02-12 14:28:00,0,Why. WHYYY DO YALL DO THIS. Why do yâ€™all have to make Valentineâ€™s Day rhymes out of actually problems in the us like police brutality and immigration
165,17908523980635924,39322908,instagram,2021-02-12 12:45:38,0,These are my favorite
166,17895061360874412,26941482,instagram,2021-02-12 12:32:49,0,These are sick!!ğŸ”¥â¤ï¸ğŸŒ¹
167,17910735550626559,1299093261,instagram,2021-02-12 11:56:56,0,ğŸ‘ğŸ¼ğŸ‘ğŸ¼ğŸ‘ğŸ¼
168,17880427343066027,50579588,instagram,2021-02-12 11:39:46,0,This is so amazing ğŸ”¥ğŸ‘
169,17876526485116954,334557645,instagram,2021-02-12 11:02:12,4,I need this on a shirt ğŸ‘š
170,17886802729989839,6915297,instagram,2021-02-12 10:58:36,1,@christianedgington
171,17858411522413131,43602001039,instagram,2021-02-12 10:18:43,1,all of these are terrible terrible ideas
172,17881587701081696,237852561,instagram,2021-02-12 10:12:09,0,@bluemangroup how do you feel about this ğŸ˜¢
173,17867368019289236,7300592,instagram,2021-02-12 10:02:40,0,"Have Ye Bail On Timeâ€™s Day!!!
#AbolishPOLice â˜®ï¸â™¥ï¸âœŠğŸ½"
174,17884585469049597,33044215,instagram,2021-02-12 10:01:23,0,â¤ï¸ğŸ”¥â¤ï¸ğŸ”¥â¤ï¸
175,17970001273368126,11918649,instagram,2021-02-12 09:56:48,0,I support the cause but these are all so dumb
176,17886811768999912,4431599397,instagram,2021-02-12 09:30:31,0,sounds illegal but ok
177,17876777717177310,32678156,instagram,2021-02-12 09:22:27,0,â¤ï¸â¤ï¸â¤ï¸
178,17846048687522212,223313034,instagram,2021-02-12 08:57:01,0,ğŸ‘ğŸ½ğŸ‘ğŸ½ğŸ‘ğŸ½
179,18128429701162886,1490885511,instagram,2021-02-12 08:03:14,1,"Police are being shot and killed out on the streets for 60k a year. We need a change in CULTURE, not the system... defunding cops ainâ€™t gonna do shit."
180,17910666319627806,5550038,instagram,2021-02-12 07:50:33,0,@themrjudd now these are some valentines I can get behind â¤ï¸ğŸ”¥ğŸ‘
181,17937903412454577,175362792,instagram,2021-02-12 07:25:33,1,This stuff is pathetic. Wear two masks? Get over yourself. Why not wear sixğŸ˜‚ğŸ˜‚ğŸ˜‚ğŸ˜‚ğŸ˜‚ğŸ˜‚ğŸ˜‚ğŸ˜‚
182,17925588163513627,25837113,instagram,2021-02-12 07:10:52,0,@kretchmom
183,18106764997203896,431856296,instagram,2021-02-12 06:45:41,0,@zenasativa
184,18066989434265819,6984484275,instagram,2021-02-12 06:36:38,2,You mean  the  people who risk  their lives to keep your ass safe. Are you saying to defund the people that serve your community more than you will ever do. This is why most people don't want to listen to you.
185,17908219753636148,15426230581,instagram,2021-02-12 06:27:57,1,Your kinda retarded no offense
186,17875310318139086,41327374602,instagram,2021-02-12 05:06:48,0,You are the fucking best
187,18156880543112316,6625719,instagram,2021-02-12 05:06:39,0,These are so good! Thank you! ğŸ‘
188,18158176213100914,2317739376,instagram,2021-02-12 05:05:48,0,THESE ARE SO GOOD
189,17884656500051869,2334532947,instagram,2021-02-12 04:32:26,1,@birbinia
190,18091819543231411,20387378,instagram,2021-02-12 04:24:03,0,@senyorbigote
191,17872752029190215,44016913409,instagram,2021-02-12 04:12:56,0,that's fukin haliarious
192,17888296231920247,174642180,instagram,2021-02-12 03:43:18,39,Cringe
193,18192647467001297,1096931982,instagram,2021-02-12 03:43:13,2,This screams ignorance
194,17881724972090848,2289031138,instagram,2021-02-12 03:30:42,0,Chigga
195,17896290307821860,16442685,instagram,2021-02-12 03:04:58,0,These are fucking awesome!!! ğŸ˜‚ğŸ‘ğŸ™Œ
196,18196337938046041,5474040,instagram,2021-02-12 02:49:39,91,"would love these as stickers! (ESPECIALLY the â€œno lives are blue, defund the police, abolish ice tooâ€ one)"
197,17871933674279348,49578578,instagram,2021-02-12 02:47:09,1,Rent free huh?
198,17883567026065623,5474040,instagram,2021-02-12 02:45:09,0,These are all incredible ğŸ™ŒğŸ»ğŸ™ŒğŸ»ğŸ™ŒğŸ»
199,17905459486688052,567534858,instagram,2021-02-12 02:21:32,0,!
200,17896964215779508,1246911815,instagram,2021-02-12 02:13:26,0,Love these! @sarah.epperson May I repost- with full credit of course?
201,17897128129829719,7125275286,instagram,2021-02-12 01:50:58,0,I love your comebacks to all the idiots here lmao
202,17877091247162776,48931383,instagram,2021-02-12 01:27:41,1,@paula.m.edgerton thought you might get a kick out of these ğŸ˜‚
203,17864582612358610,37316928137,instagram,2021-02-12 00:40:06,0,Brilliant ğŸ˜
204,17876450837181893,5830901669,instagram,2021-02-12 00:37:52,0,"""No lives are blue"" you clearly didn't watch Avatar lmao"
205,17854534529505278,17290843603,instagram,2021-02-11 23:39:41,2,"Liberals- â€œDefund the policeâ€ 
Crime rates- My time to shine ğŸ˜"
206,18140307889085717,6319074700,instagram,2021-02-11 23:38:46,0,I wish I made this ğŸ˜
207,17884572227040497,23877133,instagram,2021-02-11 23:23:14,2,@thatoneblondegirlrachel @jvz_1 @nomadic_stalwart
208,18156554590119192,290937406,instagram,2021-02-11 22:38:28,0,Thank god I donâ€™t live in the usa
209,17873424695240186,4023533538,instagram,2021-02-11 22:35:54,0,Hello kitty says acabğŸ¥ºğŸ’• vibes ğŸ™„
210,17895291508856393,4372083009,instagram,2021-02-11 22:30:54,0,No
211,18139047856178083,7066674353,instagram,2021-02-11 22:29:22,6,â€œPermanently ban trump from all digital media platformsâ€??? What?! Basically taking away his first amendment right but okay!
212,17900147653762706,303848592,instagram,2021-02-11 22:29:17,0,@newmexpat
213,17950415938412186,388415842,instagram,2021-02-11 22:21:55,1,@allthemusic96 the valentines we really need
214,18192609496014780,29851910236,instagram,2021-02-11 22:04:51,2,We need cops to protect us tho
215,17986235545320173,13580075434,instagram,2021-02-11 21:46:00,0,Sooo good. Sharing these
216,17864411894325384,9237120542,instagram,2021-02-11 21:06:05,0,No
217,17861525576392899,7090679247,instagram,2021-02-11 20:31:28,7,Ok when someone is robbing your house or threatening you dont call the cops. You cant say fuck the police then call them. Yall are dumb asf. This page is a joke ğŸ˜­ğŸ˜­ğŸ˜­ğŸ˜­ğŸ¤¡
218,17916751252566205,497903155,instagram,2021-02-11 20:28:49,0,ğŸ‘ğŸ‘ğŸ‘ğŸ‘
219,17883610100065339,3101048404,instagram,2021-02-11 19:38:11,0,This is lit ğŸ”¥
220,17977959010348339,1554925429,instagram,2021-02-11 18:57:54,1,Imagine being this dumb
221,17899699966775704,7537066440,instagram,2021-02-11 18:14:27,0,"May I post one of these on my instagram if I credit you? If not I 100% understand, I wouldnâ€™t want to repost without artist consent."
222,17943055870440038,24432338,instagram,2021-02-11 17:45:35,1,The best Valentineâ€™s ever! ğŸ”¥â¤ï¸ğŸ˜
223,18159015646102059,201786100,instagram,2021-02-11 17:42:53,0,ğŸ‘ğŸ½ğŸ‘ğŸ½ğŸ‘ğŸ½ğŸ‘ğŸ½
224,17871783824251663,178922525,instagram,2021-02-11 17:07:58,0,"@shesoneinagillian ğŸ‘ğŸ‘ ps, the AOC one is ma fav"
225,17955355639403441,6073533216,instagram,2021-02-11 15:59:39,0,ğŸ’
226,17849436134510941,28414059,instagram,2021-02-11 15:54:40,2,@jewwwyy @zharinna_pookie ğŸ˜‚ğŸ˜‚ happy Vday lol
227,17902638661715445,202251818,instagram,2021-02-11 15:38:09,2,"Are you calling for abolition of ICE or defunding? Because these mean entirely different things. Your poem says abolish, your comment says defund. Can you clarify which one you are advocating for?"
228,17876042327180484,7370349815,instagram,2021-02-11 15:20:51,5,"Okay first of all, several of those donâ€™t even rhyme. Second, I thought calking her AOC was some kind of â€œwhite male sexist racistâ€ whatever. Third, Trump didnâ€™t attempt a coup, especially considering he was at the top of the government already. So..... donâ€™t know which hole you pulled that out of. And last, if you want to be completely, scientifically correct, no lives are black, no lives are blue or any other color because life is an intangible concept or force or entity and therefore, does not have any color. â€œUnity,â€ screamed the anarchists."
229,17849450015510907,10660557929,instagram,2021-02-11 14:40:27,41,Good luck eating food and paying taxes with biden
230,17890876765887301,185068612,instagram,2021-02-11 14:28:32,0,This is the best thing Iâ€™ve seen all day! ğŸ’™
231,18127103899198292,373417789,instagram,2021-02-11 13:44:51,0,poetry ğŸ˜ğŸ˜
232,17895174649818370,31499698221,instagram,2021-02-11 12:58:06,0,Fuck youâ€™re amazing
233,17895665752849336,867659880,instagram,2021-02-11 12:57:28,0,ğŸ‘ğŸ‘ğŸ‘ğŸ‘
234,17925315022508361,445056914,instagram,2021-02-11 12:36:50,11,"Fun fact, reallocation of funds in the Seattle Police Department has led to a 25% increase in burglaries, 48.57% increase in homicides, and spike in wait times for 911 calls."
235,17901809773742483,264108586,instagram,2021-02-11 12:22:36,0,@_minervalovett
236,17883528890061697,8327435,instagram,2021-02-11 11:52:52,0,These are amazing ğŸ‘ğŸ”¥ğŸ‘
237,17873694821212973,16129546,instagram,2021-02-11 11:46:42,0,These are so good.
238,17884612772026050,3227382179,instagram,2021-02-11 11:45:08,1,@kbrochaim
239,17856629066456395,43690655135,instagram,2021-02-11 11:27:04,1,@dlugozimamargaret
240,17876774210174371,226668724,instagram,2021-02-11 11:09:14,0,These are amazing. ğŸ”¥â¤ï¸ğŸ‘
241,17884512527042163,12954488,instagram,2021-02-11 10:53:59,0,I loveee these you killed it ğŸ™Œâ¤ï¸ğŸ‘
242,17859795845456866,3989623146,instagram,2021-02-11 10:42:02,0,"Can you change the last one so it rhymes? What about â€œRoses are red, the works never done, call your reps, 202-224-3121â€"
243,17888143144981073,218359088,instagram,2021-02-11 10:31:29,0,I love every single last one of these!
244,18072542266252511,321800335,instagram,2021-02-11 10:25:18,0,Amazing
245,17872049951302439,3904564331,instagram,2021-02-11 10:19:55,0,Invest with @trade_with_daniellefx
246,17878724897130972,23419708,instagram,2021-02-11 09:49:09,0,genius
247,17877053507159664,522368002,instagram,2021-02-11 09:43:59,1,@dee_ruu18 @megawatt_mike @eileen6892 @msang_11 @orourkea7 @hannahebliss
248,17883425219061177,43209471,instagram,2021-02-11 09:11:04,0,ğŸ˜† I love all of these!
249,17914090090570138,43350845319,instagram,2021-02-11 08:43:32,1,No this is the most horible thing ever made an
250,17887607197986825,4562268302,instagram,2021-02-11 08:36:00,0,THIS IS EXCELLENCE!!! ğŸ‘ğŸ½ğŸ‘ğŸ½ğŸ‘ğŸ½ğŸ‘ğŸ½ğŸ‘ğŸ½
251,17871835877263332,10630137594,instagram,2021-02-11 08:28:04,1,"Just to clarify defund the police, not abolish the police right? because I'm kind of uncomfortable with both, but what do I know I'm just some ""kid"" that supports the military and law enforcement officers. (At least the good police, not the bad apples.)"
252,17894167828836340,17832631517,instagram,2021-02-11 08:27:13,2,I look at this world and I don't know if I'm even alive. Let alone how to live for 5 years
253,17853840434484477,1663551814,instagram,2021-02-11 08:22:25,0,I love these all so much ğŸ”¥â¤ï¸â¤ï¸
254,18158863690109345,1116451518,instagram,2021-02-11 08:18:13,0,The only Valentines I will accept this year
255,17863649399335519,179191170,instagram,2021-02-11 07:57:56,0,These are so good!
256,17886377393005684,6966376521,instagram,2021-02-11 07:54:42,9,How and why is still a thing ? Maybe the senate should do something more constructive for the American people. Rather than wasting time over nothing.
257,17914319755596321,1470701465,instagram,2021-02-11 07:33:25,8,"You guys are like mosquitoes, annoying"
258,17884690280025840,28492227295,instagram,2021-02-11 07:31:21,0,THESE ARE AMAZING ğŸ’“ğŸ˜„
259,17871401711312614,261063593,instagram,2021-02-11 06:59:36,36,Ultimate cringe
260,17914527358591615,17405367,instagram,2021-02-11 06:46:40,0,Wowowow love them ALL
261,17883234068073396,465726832,instagram,2021-02-11 06:40:29,7,You gotta be stupidğŸ¤£ I ainâ€™t never seen anything as dumb as this. Just shut up.
262,17900099350772052,45866967347,instagram,2021-02-11 06:40:20,0,Spread the word! We are calling on the American people to protest nationwide February 15th to demand the conviction of Donald J Trump. We demand justice! Justice For America!
263,17998577251308617,196207565,instagram,2021-02-11 06:34:56,0,these are iconic ğŸ‘
264,17890990207895016,2080420597,instagram,2021-02-11 06:21:43,0,EXCELLENT!!!!
265,18158644642106044,468525711,instagram,2021-02-11 06:20:40,1,@cascadingwooddesigns
266,17887233310943832,2965957905,instagram,2021-02-11 06:12:24,0,every single heart is ON POINT ğŸ‘ğŸ½
267,17901660259740894,52674615,instagram,2021-02-11 06:11:50,1,@messyrunner thought you would like these â¤ï¸
268,17882208566077966,2043288,instagram,2021-02-11 06:09:09,0,ğŸ‘ğŸ» ğŸ‘ğŸ» ğŸ‘ğŸ»
269,18147984553143717,33215147812,instagram,2021-02-11 06:05:19,0,You are amazing omg
270,17851292228498008,200921922,instagram,2021-02-11 06:02:36,0,ğŸ‘
271,17871731252262516,2311634918,instagram,2021-02-11 05:59:03,0,Yessssss! ğŸ˜‰ğŸ™ŒğŸ½ğŸ’™
272,18140855845177366,195075028,instagram,2021-02-11 05:58:12,0,These are brilliant. ğŸ’¯â™¥ï¸
273,17904074530674545,327973886,instagram,2021-02-11 05:51:15,0,Need some of these in phone wallpapers ğŸ˜­ğŸ˜­
274,17858584433488366,2999093094,instagram,2021-02-11 05:25:22,0,ğŸ™ŒğŸ½â¤ï¸ğŸ”¥
275,17908433851644951,1574997612,instagram,2021-02-11 05:18:01,0,Beautiful
276,18057578983273139,11381819,instagram,2021-02-11 05:17:07,24,Wow! Youâ€™re so creative. You should use your talents for something useful!
277,17992692016321918,30246724753,instagram,2021-02-11 05:14:26,8,"All this is is the general publics opinion. Anyone says anything that dosen't conform to the general opinion, and WHOHOHOAH, all of a sudden their the crazy ones"
278,17904994855723293,1482988019,instagram,2021-02-11 04:53:11,0,You're a fucking genius with these creations of yours! ğŸ˜
279,17861003345419536,31400094,instagram,2021-02-11 04:51:33,0,ğŸ‘ğŸ‘ğŸ‘
280,17888406112971517,35418335632,instagram,2021-02-11 04:49:03,0,love love love
281,17966825284374709,5611093014,instagram,2021-02-11 04:42:31,0,Every single one of these are ğŸ˜šğŸ‘ŒğŸ¼
282,17872380491244676,5420559,instagram,2021-02-11 04:39:53,0,Yes @sarah.epperson YES!  Thank you.
283,17916588871572658,14107262960,instagram,2021-02-11 04:35:48,0,How perfect ğŸ¤©! Thank you! ğŸ”¥ğŸ™Œâ¤ï¸
284,17914715701596833,3216814987,instagram,2021-02-11 04:35:32,0,This is fantastic!
285,17857656554493470,31637206,instagram,2021-02-11 04:26:44,1,@undercovermexi
286,17873950463211121,3185421105,instagram,2021-02-11 04:16:27,0,ğŸ˜ğŸ‘â¤ï¸
287,17861066930421383,468525711,instagram,2021-02-11 04:05:00,0,Excellent Valentines!ğŸ’™
288,17898200785754200,260453371,instagram,2021-02-11 03:58:45,0,ğŸ™ŒğŸ™ŒğŸ™ŒğŸ™ŒğŸ™ŒğŸ™Œ
289,17867212910337150,728093931,instagram,2021-02-11 03:58:23,1,Can someone explain to me the AOC one?
290,17940065296443924,193626542,instagram,2021-02-11 03:56:11,0,THIS ğŸ’¯ thank you @sarah.epperson ğŸ™ğŸ»â¤ï¸
291,17898919321815423,320891435,instagram,2021-02-11 03:54:30,0,ğŸ‘ğŸ¼ğŸ™ğŸ»ğŸ™ğŸ»
292,17945664022429419,37488252933,instagram,2021-02-11 03:52:41,0,AMAZING
293,18191953384048781,988285,instagram,2021-02-11 03:48:16,0,These are fantastic!!
294,17860525229464641,2061436,instagram,2021-02-11 03:39:54,0,@tracey_franco  @sid_shortiee
295,17910825772620965,270817748,instagram,2021-02-11 03:39:29,0,ğŸ™ğŸ½
296,17920855906545420,4721952560,instagram,2021-02-11 03:39:26,0,YES ğŸ‘ğŸ‘ğŸ‘â¤ï¸ğŸ”¥
297,17906153041671426,7490102870,instagram,2021-02-11 03:30:02,0,â¤ï¸
298,17956158466392108,327645639,instagram,2021-02-11 03:28:46,0,Damn these are good!!
299,18139201036087163,256216204,instagram,2021-02-11 03:16:03,0,Amazing ğŸ‘ğŸ™€
300,17873773772228953,48771502,instagram,2021-02-11 03:11:43,0,@jems_momma
301,18194202229043967,31569367056,instagram,2021-02-11 03:11:29,0,need these to send out on Valentineâ€™s Day because they are amazingggğŸ”¥
302,18177366436075269,7974765,instagram,2021-02-11 03:03:03,0,Hahahaa yesss!!! I love this!
303,17916814207562247,238858319,instagram,2021-02-11 03:00:55,0,ğŸ”¥ğŸ”¥ğŸ”¥
304,18091246276232560,178837514,instagram,2021-02-11 03:00:10,0,All of theseğŸ‘
305,18195456664057127,31232378,instagram,2021-02-11 02:54:27,0,ğŸ˜
306,17903833048728177,180230554,instagram,2021-02-11 02:52:57,0,I love this
307,17904431770695517,24794546,instagram,2021-02-11 02:50:35,1,The only valentines i want ğŸ˜
308,17910634003624359,9572811,instagram,2021-02-11 02:50:10,1,love these! ğŸ‘â¤ï¸
309,17965761406374784,54779639,instagram,2021-02-11 02:49:19,1,â¤ï¸â¤ï¸â¤ï¸
310,17925498016493146,18030668,instagram,2021-02-11 02:46:45,1,ğŸ‘ğŸ‘ğŸ‘ğŸ‘
311,18175744498074161,9849069524,instagram,2021-02-11 02:46:16,1,@nastywomancosmetics now this is my valentine â¤ï¸
312,18149250910185464,21218089,instagram,2021-02-11 02:44:00,2,My kind of poems ğŸ’šğŸ§¡ğŸ’›
313,17920647049550008,206058697,instagram,2021-02-11 02:42:48,1,These are so great!!!
314,17874688652194641,196584888,instagram,2021-02-11 02:42:33,1,These are great haha
315,17884970452986079,4313013175,instagram,2021-02-11 02:39:18,1,ğŸ’•ğŸ’•ğŸ’•
316,18192074959011810,1412022809,instagram,2021-02-11 02:39:08,1,ğŸ‘ğŸ½ğŸ‘ğŸ½ğŸ‘ğŸ½ğŸ‘ğŸ½ğŸ‘ğŸ½ğŸ‘ğŸ½ğŸ‘ğŸ½ğŸ‘ğŸ½
317,17873549219167431,2047820291,instagram,2021-02-11 02:38:35,1,My kind of valentine ! ğŸ‘â¤ï¸ğŸ‘â¤ï¸ğŸ‘
318,17876872658173903,146279616,instagram,2021-02-11 02:38:26,1,ğŸ’›
319,17984627221329964,224366326,instagram,2021-02-11 02:35:59,1,This is ğŸ”¥ğŸ”¥ğŸ”¥
320,17905539193658241,3062205664,instagram,2021-02-11 02:35:57,1,I love these ğŸ”¥ğŸ”¥ğŸ”¥
321,17870703569228712,764628596,instagram,2021-02-11 02:35:48,126,"While youâ€™re calling your senators, please also ask them to vote yes on S.51 for DC Statehood!! Not only is it a civil rights issue, but we can get so much more done in Congress if all citizens have equal representation."
322,18139139977089109,299580893,instagram,2021-02-11 02:35:18,1,all of these!!!!! ğŸ”¥ğŸ”¥ğŸ”¥
323,17908717483650197,6917557144,instagram,2021-02-11 02:35:11,1,Ahh!! I made a similar one today! ğŸ™Œâ¤ï¸
324,17920928560552027,6195437712,instagram,2021-02-11 02:35:06,1,I LOVE THESE ğŸ™ŒğŸ”¥â¤ï¸ honestly the poetry side of this makes it âœ¨impeccable âœ¨
325,17895382324816001,191193436,instagram,2021-02-11 02:34:44,1,These are perfection! ğŸ‘ğŸ‘ğŸ‘ğŸ‘
326,18158971303129728,5876075,instagram,2021-02-11 02:34:41,1,The most romantic poem of 2021 â¤ï¸
327,18159847045111776,27759584,instagram,2021-02-11 02:34:08,2,"Itâ€™s sooo disturbing that 1/3 of the Republicans believe the election was fraud, of course with zero evidence ğŸ¤¯"
328,17873624471225293,1441635010,instagram,2021-02-11 02:32:55,3,These are all so perfect! ğŸ‘ğŸ½ğŸ‘ğŸ½ğŸ‘ğŸ½ğŸ‘ğŸ½
329,17884345382041305,2521458628,instagram,2021-02-11 02:29:41,5,Wow this makes me love connecting with u on this app even more
330,18119889301173386,3079657,instagram,2021-02-11 02:28:58,6,"Wow, Sarah, I had no idea you were such a beautiful poet. ğŸ˜˜"
331,17945308051429161,209948707,instagram,2021-02-11 02:28:27,2,ğŸ”¥ğŸ”¥ğŸ”¥
332,17851294427495465,6610297550,instagram,2021-02-11 02:26:10,4,These are too good â¤ï¸
333,17904179812692343,12680008,instagram,2021-02-11 02:23:12,3,".
.
.
.
.
.
.
#ImpeachTrump #impeach #impeachment #WearAMask #WearYourMask #AOC #AlexandriaOcasioCortez #ValentinesDay #DefundPolice #KeepFamiliesTogether #defundhate #vdayÂ Â #valentine #resist #feministart #feministasfuck #fucktrump #feminist #politicalart #activism"
334,17884673720058160,39646185019,instagram,2021-02-16 02:40:07,1,"Yes! If anyone needs a bold cup of coffee to get through the rest of this week, check out our Farwell Trump wall free Mexican coffee!"
335,17887885801982334,1792134220,instagram,2021-02-13 00:39:34,0,ğŸ”¥
336,17864817413356107,383719228,instagram,2021-02-12 08:44:42,2,Divine feminine energy is stepping up!
337,17878380353137984,3309839868,instagram,2021-02-12 03:35:28,1,Absolutely !
338,18147155410189240,5441727986,instagram,2021-02-11 23:40:04,1,â¤ï¸ğŸ™Œ
339,18053198725284012,179830114,instagram,2021-02-11 20:59:36,1,ğŸ‡»ğŸ‡®ğŸ‡»ğŸ‡®ğŸ‡»ğŸ‡®ğŸ‡»ğŸ‡®ğŸ”¥ğŸ”¥ğŸ”¥ğŸ”¥
340,17935896751443166,191549642,instagram,2021-02-11 11:02:08,1,"I LOVE her! We NEED more of her. Sheâ€™s an incredible public speaker, the DNC needs her to be the face of the party more."
341,17881441460082521,203099913,instagram,2021-02-11 06:36:05,3,THIS is how a SiSTAR shows up to handle the business!!!
342,17880997598066245,273576209,instagram,2021-02-19 13:05:10,0,This is a direct quote from Mitch McConnell
343,17865314660363843,2925459359,instagram,2021-02-18 09:25:06,0,@gop
344,17915801794581354,146202695,instagram,2021-02-17 21:55:23,0,Why are we so surprised?
345,17906267620715355,6837397554,instagram,2021-02-15 22:07:02,0,Sore ..you stole election..but donâ€™t be concerned..we will take care of that alsoğŸ‘
346,17898059362767758,45897603720,instagram,2021-02-15 07:02:32,1,The GOP cult puts profits above all else even life
347,17871543716313188,38509299389,instagram,2021-02-14 21:32:33,0,"The Dems need to fulfill the promises they ran on. Fuck Manchin and Sinema, either they will or strip them of any roll, period. 82 million Americans voted for results not posturing. Enough is enough, stop playing with the American people."
348,17886083608973619,7073717380,instagram,2021-02-14 17:13:16,0,Bunch of f*ckin idiots
349,18052296190280366,5870361135,instagram,2021-02-14 14:45:47,0,a bunch of dumb fuc*ing cunts. what a shi*show this country is. it's just pure comedy now...
350,17908722271642918,23311278859,instagram,2021-02-13 23:58:07,0,Our system is broken!!! Itâ€™s become painfully clear!!!
351,17892756247864155,55933152,instagram,2021-02-13 23:17:30,0,"This page doesnâ€™t do anything, just gets people worked up to do nothing."
352,17876982743165274,3134662696,instagram,2021-02-13 22:30:10,0,Maybe the Capitol Police will leave them with no defense next time
353,17860071299483444,415429591,instagram,2021-02-13 22:09:32,1,Pretty much!
354,17886692344952692,197437015,instagram,2021-02-13 21:50:49,1,Sums it up.
355,17896490446798813,5942807805,instagram,2021-02-13 17:24:28,0,ğŸ˜‚ğŸ˜‚ğŸ˜‚ idiot or he thinks we are.
356,17914645918592710,872209953,instagram,2021-02-13 11:12:44,0,Truth
357,17975390797357102,1601695014,instagram,2021-02-13 08:58:10,0,Unfortunately for you the evidence proves he's not guilty.
358,17859780569446240,38479175944,instagram,2021-02-13 05:16:37,0,Sad but true
359,17845181258519999,6818211332,instagram,2021-02-13 03:05:13,0,Sickening!!!
360,17894718391878468,1699948375,instagram,2021-02-13 02:42:08,0,Right?  I'm sick about this.
361,17861319095359365,6491141822,instagram,2021-02-13 02:25:17,0,Facts
362,17850568751500979,568868343,instagram,2021-02-13 02:16:55,0,this is plain and simple
363,17856428240460269,5619109274,instagram,2021-02-13 01:37:52,0,"I posted one like this in my FB and one of my Trumper ""friends"" told me to check my sources. Lol says the guy who loves and breathes Fox and Newsmax, etc lol"
364,17891171509931198,18387586974,instagram,2021-02-13 01:15:14,0,That entire party will forever more be known as the insurrection party.  Traitorous scumbags.
365,18137880550159548,34349585309,instagram,2021-02-12 23:47:33,0,Thatâ€™s how itâ€™s going down. People need to vote on impeachment not his teammates
366,17917116373566664,22754924,instagram,2021-02-12 23:24:06,0,Sad that is exactly what is happening!  The GOP has sold their souls to the devil!ğŸ˜¢
367,17861986775401911,4099011250,instagram,2021-02-12 23:17:49,0,Gop doesn't care what he does or did just keep the money coming
368,17897572474829025,466919226,instagram,2021-02-12 22:32:28,0,@realchingobling
369,18090243517240372,16323965955,instagram,2021-02-12 21:57:07,0,That sums it up!!
370,17855101391501632,1915346698,instagram,2021-02-12 21:54:13,0,Sadly the truth. Soulless GOPğŸ™„
371,18183367000064081,10860291403,instagram,2021-02-12 21:45:30,0,Isnâ€™t it up to thesenate which the democrats have a huge advantage since 11 gop senators dropped out
372,18106487797205566,7446889206,instagram,2021-02-12 21:13:35,0,Sums it up
373,18119787724168104,2970670944,instagram,2021-02-12 21:07:06,0,ğŸ˜¡
374,18057615676277747,44478987699,instagram,2021-02-12 20:23:06,0,Republicans dont know the definition of the word honesty
375,17925279895518468,9403344308,instagram,2021-02-12 20:16:04,0,Actual photo of McConnell practicing in the mirror
376,17881346285102231,204863299,instagram,2021-02-12 17:34:10,0,"Let them go in their manner. It is very profitable for Democrats. They lost the senat, the congress and the White House. Win-win situation."
377,17924848678498546,16041029,instagram,2021-02-12 16:48:46,1,How can this be happening?? That the jury are all his deniers. And they already said theyâ€™d not convict regardless of any evidence presented. How can that be justice!!?? Whoâ€™s policing them?!?
378,17872613273248242,1455296148,instagram,2021-02-12 16:35:09,1,#repost
379,17852810132490993,16881593,instagram,2021-02-12 16:14:10,0,@flsenrickscott  @scottforflorida
380,17916966394563530,3266635640,instagram,2021-02-12 15:41:37,0,@senategop HAVE THE BLOOD OF OFFICER SICKNICK ON THEIR HANDS!
381,17878289474085108,4126627085,instagram,2021-02-12 14:16:06,1,Shame on them!!!
382,18191475247062755,2946091617,instagram,2021-02-12 12:20:07,0,ğŸ’¯
383,17873812460220619,3213457987,instagram,2021-02-12 12:18:55,0,Like the blind eyes.  Perfect
384,18192058846032842,37142896215,instagram,2021-02-12 12:14:03,0,That's about right.......
385,17864244917366218,36178583,instagram,2021-02-12 11:49:23,5,"Sadly true...but we will remember.  We will fund all their opponents, regardless of what state they are from, as we did for Georgia. Let no complicit republican have doubt, we will get you voted out."
386,18075677062247035,1668041784,instagram,2021-02-12 11:27:29,1,AND............ That is why the GOP will fall.
387,17860358255379601,32258991267,instagram,2021-02-12 10:26:06,0,"GOP SENATORS you are all corrupt, crooks, criminals, cheaters, traitors, terrorists, murderers, evil, liars, liars, liars you donâ€™t belong in the White House of Americans"
388,17876790455172562,3029120882,instagram,2021-02-12 10:21:18,0,That sounds about right. ğŸ¤¬
389,17858429231416141,32258991267,instagram,2021-02-12 10:14:41,0,America has become a TERRORIST country by the REPUBLICAN PARTY they are all CORRUPT
390,17897119462778393,2069378887,instagram,2021-02-12 09:37:43,0,Nailed it ğŸ˜¢
391,17888406373957285,1308789039,instagram,2021-02-12 09:27:18,1,Exactly!
392,17869150625258823,38983333031,instagram,2021-02-12 09:20:44,3,Pretty much sums up the Republican perspective.  Completely devoid of morals and character.
393,17919809977553911,12645059158,instagram,2021-02-12 09:17:37,0,Sad but true.
394,18030731221291563,44454965525,instagram,2021-02-12 09:16:18,1,"Frames missing: ""we won't start trial until he's out of office"" and then ""well now he's out of office so the trial shouldn't be done!"" ... ğŸ˜’ğŸ¤£ğŸ¤£ğŸ¤£ Pathetic... ğŸ‡ºğŸ‡²ğŸ‘Œ"
395,18137662960180017,44122378602,instagram,2021-02-12 09:13:27,0,Those Republicans are going to ğŸ”¥ğŸ”¥ğŸ”¥FIREDğŸ”¥ğŸ”¥ğŸ”¥
396,17861174915358193,2208425076,instagram,2021-02-12 09:12:44,0,One piece of input. Add one that says even though there's video of him saying he wants them to be violent we won't listen or find him guilty.
397,17889089359949521,8947765353,instagram,2021-02-12 09:08:03,0,There were Republican senators at the last impeachment who openly admitted that they didnâ€™t care if he was guilty they would vote innocent. Itâ€™s wild.
398,18140699329092352,8947765353,instagram,2021-02-12 09:08:03,3,There were Republican senators at the last impeachment who openly admitted that they didnâ€™t care if he was guilty they would vote innocent. Itâ€™s wild.
399,17856350453497842,30786104116,instagram,2021-02-12 08:59:22,0,Hate the GOP!!!!
400,18130364707165660,5660800571,instagram,2021-02-12 08:59:16,1,"15 Republican senators shamelessly left the trial hearings. Disqualify them. That leaves 85. Two thirds of 85 is 56. 

Convict with 56 votes. 

The accomplices should have recused themselves or been disqualified anyway."
401,17847955631518493,6483152741,instagram,2021-02-12 08:59:06,0,Sad but true
402,17904831265709481,2360198292,instagram,2021-02-12 08:56:41,0,those GOP fuckers are purposely destroying our democracy so that they can be in power forever
403,17892068173873832,2096360708,instagram,2021-02-12 08:56:27,1,This impeachment process needs to change to a jury trial... No Senators have a say...
404,17908779925636745,4000339474,instagram,2021-02-12 08:49:46,0,All true!
405,17904577750697252,44459931958,instagram,2021-02-12 08:32:52,0,GOP in a nutshell. Keyword: Nut. As in they are nuts if they look the other way! Stop towing the party line and do what is right. #hesguiltyaf
406,17856392519465086,44456653335,instagram,2021-02-12 08:31:59,0,So sad that republicans are a bunch of spineless as*****s!
407,17935529788450561,3242230172,instagram,2021-02-12 08:06:31,0,Truth Hurts! Sadly unless thereâ€™s  miracle - this will be the outcome.
408,17884738772044336,38553685492,instagram,2021-02-12 08:06:03,0,They are complicit
409,17880748418105057,3126921556,instagram,2021-02-12 07:54:35,0,@sensusancollins
410,17859131249400332,31244221452,instagram,2021-02-12 07:50:21,0,Total and complete COWARDS. The republicans are far past pathetic! They are traitors to their oaths and the country. Full Stop.
411,17902275004738732,1577224579,instagram,2021-02-12 07:49:57,0,So we gonna ignore Cori Bush promoting the St Louis prison riot?
412,17886859822996859,6784047066,instagram,2021-02-12 07:32:09,0,Absolutely true. And they are all guilty too for backing him up.
413,17978677189350409,1909126122,instagram,2021-02-12 07:12:00,0,Idiots! Imagine if a Democrat did this! I guess we must have more class
414,18073843549250049,39482833,instagram,2021-02-12 07:11:37,0,Feces was smeared on the walls inside the Capitol. How low can you go
415,17939687341453158,8932661,instagram,2021-02-12 06:48:41,0,@students4trump brainwashed kids
416,17860967552412037,13263277464,instagram,2021-02-12 06:44:24,0,"Yep, thatâ€™s it. They only care about getting re-elected."
417,17906663476668368,19072353,instagram,2021-02-12 06:37:21,1,It would be funny if only it werenâ€™t so deplorable
418,17999074126308009,258284235,instagram,2021-02-12 06:36:40,0,ğŸ˜®
419,18193822993058434,481176768,instagram,2021-02-12 06:35:20,0,That about covers it
420,18069852166261010,204195851,instagram,2021-02-12 06:35:16,0,#TheSwamp... is how you spell GOP.
421,18138127807144392,30044311,instagram,2021-02-12 06:33:38,0,Accurate.where is their God in all this despicable behavior?
422,18148941442122757,32659624874,instagram,2021-02-12 06:33:33,0,Sad but true...
423,17872064051259895,183788986,instagram,2021-02-12 06:30:56,0,Democrats said the same thing
424,17890990432894257,1496879580,instagram,2021-02-12 06:25:14,1,"This is not surprising, infuriating, but not surprising."
425,17867134916302828,37036380503,instagram,2021-02-12 06:24:25,0,"GOP.....Home of the Fascists. With free, Gold Standard healthcare. Twisted country."
426,17915279317582955,18659120385,instagram,2021-02-12 06:08:07,0,This is it in a nutshell.
427,17884700036028518,26348479,instagram,2021-02-12 05:55:39,1,@wefuckinghatedonaldtrump everyone vote in 2 yrs.  congress senate up.  Letâ€™s get rid of these evil evil bottom feeders for good!!! #volunteer #donate @thedemocrats
428,17912747068578368,16397040040,instagram,2021-02-12 05:31:19,0,My god how is this the case ğŸ˜¤
429,17873584169223131,258103984,instagram,2021-02-12 05:19:34,0,ğŸ¤¦ğŸ»â€â™€ï¸
430,18096289645218962,32178619220,instagram,2021-02-12 05:15:01,0,This is facts right here.
431,17868793598326599,22590321994,instagram,2021-02-12 05:08:50,1,F**ken ass*oles
432,17880181289115198,424272447,instagram,2021-02-12 05:04:10,1,Sad
433,17866738115307304,374249675,instagram,2021-02-12 05:03:35,0,Yup that sums it up
434,17859823934384567,45090889884,instagram,2021-02-12 05:01:00,0,"Two words, Time Mag"
435,17889567163943409,2271752225,instagram,2021-02-12 04:59:49,0,ğŸ¤¢ğŸ¤®ğŸ¤¢ğŸ¤®
436,17878791797129694,4088250083,instagram,2021-02-12 04:54:56,14,How can they sleep at night??
437,17860502789436716,6353795,instagram,2021-02-12 04:37:03,0,so sad ğŸ˜
438,17933652778474998,1046215546,instagram,2021-02-12 04:36:17,0,The expected result
439,17874887276194211,500743456,instagram,2021-02-12 04:35:54,3,They are not cowards...Republicans are complacent and all about it!
440,17946078688415141,32440893,instagram,2021-02-12 04:35:27,0,Unfortunately that is so true
441,17900896000750580,7489251120,instagram,2021-02-12 04:25:37,0,Hope will regret this one!!!
442,17982785008337008,4513733046,instagram,2021-02-12 04:23:15,0,On point!!! Sad!
443,18095660680220319,196190042,instagram,2021-02-12 04:22:29,9,The sign that the GOP is rotten from the core out. It has no plans to govern in the best interests of all.
444,17905168858690784,3062579497,instagram,2021-02-12 04:22:04,0,@senategop @gop is no longer a party. ğŸ˜  #traitors
445,17975393407357405,535210619,instagram,2021-02-12 04:21:35,0,THAT
446,18029270683294525,52688551,instagram,2021-02-12 04:14:51,0,Sad truth
447,17953283731405337,358456191,instagram,2021-02-12 04:06:35,0,Yep. Pretty much. ğŸ˜’
448,17884519895034739,7819995695,instagram,2021-02-12 04:01:17,29,"I have always wanted to tour the Capital.  Today I feel different. It has been violated by people who have no respect for any American  decency.  Their behavior, their attire and language is an embarrassment to the country.  The world is taking us to task.  If I ever visit our Capital I will wear clothes that shows respect.  I will conduct myself in a manner of respect."
449,18183211204068506,16233603,instagram,2021-02-12 03:59:25,0,ğŸ’¯
450,17870755193219920,455308929,instagram,2021-02-12 03:59:07,0,@mcconnellpress @senjoniernst @senatorhawley @sentedcruz @senronjohnson @senjohnthune @sentedcruz @sensusancollins @senatortimscott @senategop  Do The Right Thing !!!!!!
451,17884710854032072,1520518188,instagram,2021-02-12 03:58:23,0,Sad truth ğŸ˜­
452,18195020734018919,7977946842,instagram,2021-02-12 03:54:08,7,To think the @gop at one point was at least a bleh political party. But now theyâ€™re 100 pure trash.
453,18137507941158531,5323262600,instagram,2021-02-12 03:53:04,46,You want a guaranteed vote from all parties to impeach?  Have Hillary Clinton read word for word the speech he gave right before the insurrection.
454,17868258464275814,1028088839,instagram,2021-02-12 03:51:41,0,@albertamezzacapo
455,17894003287893411,2160126018,instagram,2021-02-12 03:47:38,10,Where is integrity in 2021 fr tho
456,18161661643097798,45863275272,instagram,2021-02-12 03:44:51,0,Why does every leftist meme suck?
457,17904096235696913,528721366,instagram,2021-02-12 03:44:27,4,FORMER*****
458,18155204515112583,1076503546,instagram,2021-02-12 03:44:08,4,damn cowards!!
459,17897246461828652,185335301,instagram,2021-02-12 03:41:51,3,Exactly
460,17924989480517193,44768717306,instagram,2021-02-12 03:37:54,54,Trumpism is Fascism
461,18159116575100707,2114282227,instagram,2021-02-12 03:37:50,94,Cant even laugh at that truth man. It's sad those a** kissers cant stand up for what's right.
462,17860134905469740,1067113912,instagram,2021-02-12 03:37:49,2,"As much as I want him to be guilty, they are gonna argue with the Brandenburg test. Even if that falls through the chances of a 2/3 majority are slim bc republicans suck"
463,17873641382172306,1960663776,instagram,2021-02-12 03:37:31,3,Pretty much
464,17870621441222530,233671722,instagram,2021-02-12 03:37:15,51,11 QOP senators left while the impeachment managers were presenting
465,18157604584108895,10353017226,instagram,2021-02-12 03:36:54,8,Pretty much their argument ğŸ˜‚
466,17904119764694067,184859062,instagram,2021-02-12 03:36:53,5,YUP
467,17906395027633245,31330813191,instagram,2021-02-12 03:36:53,10,WHY ARE THEY LIKE THIS
468,17960093614381331,11231348569,instagram,2021-02-12 03:35:26,0,BAAAHHAHAHA!
469,17904287911681262,2425455513,instagram,2021-02-12 06:50:57,1,ğŸ’€
470,17929289107491050,21774626655,instagram,2021-02-12 05:59:25,0,This is literally Candace Owen making fun of AOC.
471,17948465932422779,37735423346,instagram,2021-02-14 13:13:46,0,#impeachtrump #gorillagluegirl #senate #covid #vaccine
472,17875301363138745,6773652583,instagram,2021-02-13 05:07:51,1,ğŸ’—ğŸ’—ğŸ’—ğŸ’—ğŸ’—
